anchor_preparation,batch,cell_id,dataset_seed,device,diffusion,dimension,ess_threshold,family,final_ess_fraction,groups,initialization,ks_mean,line,mean_absolute_error,method,minimum_ess_fraction,particles,peak_gpu_bytes,phase,positive_mass_error,preparation_seconds,projection_seed,repeat,resampling_count,score_evaluations,seconds,seconds_including_preparation,seed,setting_id,sign_joint_tv,sliced_reference_samples,sliced_w1_32,standardized_offdiagonal_second_rms,status,steps,training_seed,true_ks_mean,true_mean_absolute_error,true_positive_mass_error,true_variance_relative_error,true_w1_mean,u_max,variance_relative_error,w1_mean
,4,0,600,cpu,1.0,8,0.5,learned,0.5817148521135722,64,standard normal at finite u_max,0.09184646919160627,anchored_pilot,0.022161158483172287,full,0.2986344855825596,4096,0,development,0.027701229107912253,0.0008758306503295898,20260921,0,80,268435456,278.20045034587383,278.20132617652416,21016010,full,0.15773434812735812,32768,0.02271495894001797,0.12221411279701636,completed,1024,0,0.08581568978337188,0.01967381881810518,0.025474870310257716,0.16914695486273867,0.021899848374300514,20.0,0.17117985463453672,0.023564766368988525
,4,1,600,cpu,1.0,8,0.5,learned,0.7278963803377942,64,standard normal at finite u_max,0.42590410344866503,anchored_pilot,0.11072582111949633,tail,0.00025035174693383125,4096,0,development,0.06357921698302038,0.0033682063221931458,20260921,0,292,16777216,19.53463312983513,19.538001336157322,21016010,tail,0.33215873564493603,32768,0.09160221894504413,1.306685883209294,completed,1024,0,0.42601206217338483,0.1110182929184271,0.06135285818536585,0.4686794495734835,0.11582057469663735,20.0,0.4690401513550161,0.11578578010889654
"{'preparation_calls': 458752, 'preparation_seconds': 0.26543618738651276, 'preparation_factor_calls_per_grid_point': 448, 'newton_iterations': 6, 'anchor_grid_points': 1024, 'anchor_rule': 'parameter-only six-step clipped Newton fixed-point iteration'}",4,2,600,cpu,1.0,8,0.5,learned,0.9959743966627435,64,standard normal at finite u_max,0.13904745923266681,anchored_pilot,0.031349674312357356,tail_anchored,0.1950420481972573,4096,0,development,0.02007135940564324,0.26922354474663734,20260921,0,116,16777216,19.9145350754261,20.18375862017274,21016010,tail_anchored,0.09672473688027614,32768,0.038208601436097674,0.1387730286903286,completed,1024,0,0.1348406416725303,0.030028634832357647,0.020663163142430486,0.23120938182905001,0.03360030951812199,20.0,0.23278989931722865,0.03460056931490289
,4,3,601,cpu,1.0,8,0.5,learned,0.9804718280774549,64,standard normal at finite u_max,0.06666581589695886,anchored_pilot,0.013214180288477427,full,0.20086823885410016,4096,0,development,0.0006411841949112984,0.0034705698490142822,20260921,0,96,268435456,247.21898341923952,247.22245398908854,21016020,full,0.005129473559289513,32768,0.016284033037167533,0.0762196700291798,completed,1024,0,0.054247622729881276,0.009433292987725952,0.001722031178745198,0.1880389095549229,0.013173536140416525,20.0,0.18722811222239338,0.015223832308329625
,4,4,601,cpu,1.0,8,0.5,learned,0.901039208803937,64,standard normal at finite u_max,0.6989316984929199,anchored_pilot,0.18308295341755043,tail,0.00024414246420968917,4096,0,development,0.0171353694526198,0.0008959732949733734,20260921,0,351,16777216,19.593769006431103,19.594664979726076,21016020,tail,0.1370829556209592,32768,0.1913033453962189,3.207318722840041,completed,1024,0,0.6985769967689346,0.18176511278530505,0.0182162164364537,0.6877254959755158,0.18266051459880303,20.0,0.6886748705936115,0.18406264375978548
"{'preparation_calls': 458752, 'preparation_seconds': 0.2697034776210785, 'preparation_factor_calls_per_grid_point': 448, 'newton_iterations': 6, 'anchor_grid_points': 1024, 'anchor_rule': 'parameter-only six-step clipped Newton fixed-point iteration'}",4,5,601,cpu,1.0,8,0.5,learned,0.9643221999928611,64,standard normal at finite u_max,0.0870057672374353,anchored_pilot,0.016128378742018515,tail_anchored,0.12955520133883427,4096,0,development,0.005180042719222996,0.2706347219645977,20260921,0,120,16777216,19.832789301872253,20.10342402383685,21016020,tail_anchored,0.04144034175378398,32768,0.018525569474114732,0.05247030289055943,completed,1024,0,0.08100393095294653,0.014919561342078665,0.006260889703056896,0.2188500858100299,0.01819937739021983,20.0,0.22085721345541687,0.02036867051791737
,4,6,602,cpu,1.0,8,0.5,learned,0.6709734620130565,64,standard normal at finite u_max,0.05869168859598779,anchored_pilot,0.00873429561832649,full,0.23754061163500104,4096,0,development,0.006142700164910476,0.0008916296064853668,20260921,0,87,268435456,222.8153014369309,222.81619306653738,21016030,full,0.043557938429907,32768,0.014426157221736255,0.04005609337721545,completed,1024,0,0.070475856835027,0.011668968459668999,0.009235590320594678,0.21907176238857895,0.01599294081932061,20.0,0.2178688395213965,0.013882280465306708
,4,7,602,cpu,1.0,8,0.5,learned,0.9980495130478377,64,standard normal at finite u_max,0.37605179574044834,anchored_pilot,0.10624666271610618,tail,0.00024426839476361927,4096,0,development,0.034065582914908736,0.006278328597545624,20260921,0,267,16777216,19.433059204369783,19.43933753296733,21016030,tail,0.2607321898654546,32768,0.12640225642594954,1.8158893073945679,completed,1024,0,0.3693881866188158,0.10162264956522145,0.030548534538999687,0.5255230654319927,0.10973435713945467,20.0,0.5246063339125739,0.11449508139738516
"{'preparation_calls': 458752, 'preparation_seconds': 0.2649415321648121, 'preparation_factor_calls_per_grid_point': 448, 'newton_iterations': 6, 'anchor_grid_points': 1024, 'anchor_rule': 'parameter-only six-step clipped Newton fixed-point iteration'}",4,8,602,cpu,1.0,8,0.5,learned,0.976928332372303,64,standard normal at finite u_max,0.0754174343774459,anchored_pilot,0.014732067581826328,tail_anchored,0.04498047326138265,4096,0,development,0.013660250440841695,0.26589539274573326,20260921,0,114,16777216,19.856661304831505,20.122556697577238,21016030,tail_anchored,0.1036736414229136,32768,0.01794609180360334,0.09379395079641983,completed,1024,0,0.09327271860561681,0.01941949949249475,0.016753140596525898,0.1801081556277712,0.022129136948564755,20.0,0.17853180385957632,0.018642900716455368
,4,9,603,cpu,1.0,8,0.5,learned,0.7537087326899227,64,standard normal at finite u_max,0.054948384769391394,anchored_pilot,0.010030056118317567,full,0.2791077930219147,4096,0,development,1.3068219851752882e-05,0.0008543021976947784,20260921,0,80,268435456,222.60996900126338,222.61082330346107,21016040,full,0.00010454575605081505,32768,0.015128351624026553,0.06737471966659193,completed,1024,0,0.0742240438311869,0.01570619725124687,1.652679606285734e-05,0.16328444428528296,0.018952864835756277,20.0,0.16381614547254197,0.014075845272789395
,4,10,603,cpu,1.0,8,0.5,learned,0.977329640788643,64,standard normal at finite u_max,0.4880637426245954,anchored_pilot,0.12650823721488866,tail,0.0002448065995485085,4096,0,development,1.3068219851752882e-05,0.0008952468633651733,20260921,0,286,16777216,19.424352876842022,19.425248123705387,21016040,tail,0.0001045457560515922,32768,0.13108183572993018,1.6180776563839365,completed,1024,0,0.5065214980416178,0.1332155073395821,1.652679606285734e-05,0.6140263026135798,0.13554002844267396,20.0,0.6142049473660958,0.1296003257720206
"{'preparation_calls': 458752, 'preparation_seconds': 0.288046270608902, 'preparation_factor_calls_per_grid_point': 448, 'newton_iterations': 6, 'anchor_grid_points': 1024, 'anchor_rule': 'parameter-only six-step clipped Newton fixed-point iteration'}",4,11,603,cpu,1.0,8,0.5,learned,0.8506097625733555,64,standard normal at finite u_max,0.10686648715596046,anchored_pilot,0.02568140801868686,tail_anchored,0.032938207158507066,4096,0,development,1.3068219851752882e-05,0.2890390083193779,20260921,0,102,16777216,20.620209738612175,20.909248746931553,21016040,tail_anchored,0.00010454575605242487,32768,0.03224168618603356,0.14456071775627385,completed,1024,0,0.10953972636150171,0.025994770828991515,1.652679606285734e-05,0.19910439334603414,0.028500305522578706,20.0,0.19969483945009486,0.027427174604343102
,4,12,600,cpu,1.0,8,0.5,learned,0.9197106513713289,64,standard normal at finite u_max,0.059572085303966425,anchored_pilot,0.009463293683782816,full,0.2460303298062624,4096,0,development,0.01355955399258816,0.003869418054819107,20260921,0,84,268435456,242.8220002837479,242.82586970180273,21026010,full,0.061222532614662366,32768,0.014695302381164137,0.03011147454217284,completed,1024,1,0.06658778627770781,0.012369277343095059,0.009188033991613227,0.22232108075178358,0.01657804094924492,20.0,0.23034525351635143,0.014832941462998222
,4,13,600,cpu,1.0,8,0.5,learned,0.5508088644456132,64,standard normal at finite u_max,0.441291882735951,anchored_pilot,0.10574832580998966,tail,0.0002441443859674171,4096,0,development,0.08006308468847924,0.000879380851984024,20260921,0,290,16777216,19.59216833114624,19.593047711998224,21026010,tail,0.46871786807621907,32768,0.10609227511602455,1.1939391747118537,completed,1024,1,0.43897975998349437,0.10710507008410117,0.0756915646875043,0.6547764184719742,0.11504992319658905,20.0,0.6588201111101291,0.11400967183349241
"{'preparation_calls': 458752, 'preparation_seconds': 0.2651144862174988, 'preparation_factor_calls_per_grid_point': 448, 'newton_iterations': 6, 'anchor_grid_points': 1024, 'anchor_rule': 'parameter-only six-step clipped Newton fixed-point iteration'}",4,14,600,cpu,1.0,8,0.5,learned,0.9672722652080717,64,standard normal at finite u_max,0.19599597218913895,anchored_pilot,0.05063158229759424,tail_anchored,0.10011601047629375,4096,0,development,0.031654687828617856,0.26605064421892166,20260921,0,110,16777216,19.765207279473543,20.031257923692465,21026010,tail_anchored,0.20977357670457908,32768,0.05668052833838998,0.447940507893531,completed,1024,1,0.19546655306883237,0.05015955503687071,0.027283167827642927,0.34927474503018335,0.05052667967902168,20.0,0.35380603542006833,0.0512951689481844
,4,15,601,cpu,1.0,8,0.5,learned,0.5771222798612897,64,standard normal at finite u_max,0.08368483064052917,anchored_pilot,0.018099528343736924,full,0.2363479044179663,4096,0,development,0.0047408483769941084,0.0008769668638706207,20260921,0,89,268435456,285.77888687327504,285.7797638401389,21026020,full,0.037926787015951195,32768,0.02128951764614411,0.054845525000472455,completed,1024,1,0.1044780410520838,0.02479110745855546,0.0033403113980899346,0.17579755829941957,0.026255983002732096,20.0,0.1905681019234055,0.0203116005581126
,4,16,601,cpu,1.0,8,0.5,learned,0.9124036817077206,64,standard normal at finite u_max,0.7327429830994863,anchored_pilot,0.18148537849962487,tail,0.0002441406274007567,4096,0,development,0.06371410101566138,0.0008791275322437286,20260921,0,358,16777216,19.553539842367172,19.554418969899416,21026020,tail,0.5097128081252877,32768,0.1830274761726105,3.15546545206262,completed,1024,1,0.7482336355163308,0.1885151904396029,0.06511463799456531,0.7675606847709164,0.18989005157813305,20.0,0.7716159788095667,0.18323736141380126
"{'preparation_calls': 458752, 'preparation_seconds': 0.2658458799123764, 'preparation_factor_calls_per_grid_point': 448, 'newton_iterations': 6, 'anchor_grid_points': 1024, 'anchor_rule': 'parameter-only six-step clipped Newton fixed-point iteration'}",4,17,601,cpu,1.0,8,0.5,learned,0.7938165092723652,64,standard normal at finite u_max,0.10105891068865197,anchored_pilot,0.02237034807560672,tail_anchored,0.07516814288032324,4096,0,development,0.001303540547041196,0.2667841948568821,20260921,0,122,16777216,19.832455784082413,20.099239978939295,21026020,tail_anchored,0.010428324376328915,32768,0.03609143712660118,0.11068481196773053,completed,1024,1,0.1262925793718737,0.030260740966020556,9.699643186389384e-05,0.17211109489341841,0.03224322009423108,20.0,0.1797795409476845,0.026277939784259727
,4,18,602,cpu,1.0,8,0.5,learned,0.9668704676825921,64,standard normal at finite u_max,0.06434930551920892,anchored_pilot,0.013260148996665385,full,0.26844848961034506,4096,0,development,0.008785900874255431,0.0008742958307266235,20260921,0,91,268435456,231.0183267146349,231.01920101046562,21026030,full,0.06587979464537112,32768,0.014195263818378517,0.07043965093698332,completed,1024,1,0.06510849531170135,0.013211940069646183,0.008984298301065646,0.18223041954467928,0.014928285939037465,20.0,0.18487722875327656,0.015207618756370937
,4,19,602,cpu,1.0,8,0.5,learned,0.926117638209408,64,standard normal at finite u_max,0.4221284303104786,anchored_pilot,0.12187006530182157,tail,0.00025765633481737704,4096,0,development,0.07437553944373837,0.0008907951414585114,20260921,0,263,16777216,19.586336236447096,19.587227031588554,21026030,tail,0.5852190880901756,32768,0.13429220153803692,1.7864865047797993,completed,1024,1,0.4184941935104022,0.12140983919862341,0.07435882311086867,0.4637408097046212,0.12560315860802582,20.0,0.4664327379691216,0.12593732224434928
"{'preparation_calls': 458752, 'preparation_seconds': 0.321871854364872, 'preparation_factor_calls_per_grid_point': 448, 'newton_iterations': 6, 'anchor_grid_points': 1024, 'anchor_rule': 'parameter-only six-step clipped Newton fixed-point iteration'}",4,20,602,cpu,1.0,8,0.5,learned,0.6448555097124048,64,standard normal at finite u_max,0.07306559385429741,anchored_pilot,0.013864801406898076,tail_anchored,0.10692542552562122,4096,0,development,0.002597070582581149,0.32554735988378525,20260921,0,111,16777216,19.769457578659058,20.095004938542843,21026030,tail_anchored,0.016320295742926247,32768,0.016981603862487277,0.07328838723954781,completed,1024,1,0.07167093585258494,0.01332097898067956,0.002795468009391364,0.1876914796718427,0.016890674207165193,20.0,0.1901595521387753,0.017796812888120246
,4,21,603,cpu,1.0,8,0.5,learned,0.7446128130246411,64,standard normal at finite u_max,0.07707536839518522,anchored_pilot,0.017188090170498396,full,0.25179002065499245,4096,0,development,1.874830996995147e-05,0.003652825951576233,20260921,0,82,268435456,280.206619143486,280.2102719694376,21026040,full,0.0001499864771489881,32768,0.018695035026602976,0.09060747846352661,completed,1024,1,0.07595809676570028,0.01705427626052218,1.6526796063190408e-05,0.154884568246695,0.018102891842297235,20.0,0.15733774381995022,0.018769617068700065
,4,22,603,cpu,1.0,8,0.5,learned,0.5276686915158003,64,standard normal at finite u_max,0.3879329908388428,anchored_pilot,0.10894793004162537,tail,0.0002447090116894387,4096,0,development,1.8748309969618404e-05,0.0008722692728042603,20260921,0,279,16777216,19.526635456830263,19.527507726103067,21026040,tail,0.00014998647714909913,32768,0.12509056080754052,1.279483322576331,completed,1024,1,0.3853486952193378,0.10842225796519855,1.652679606285734e-05,0.37641167775230877,0.11093600112290819,20.0,0.3768722607052757,0.11174633665296962
"{'preparation_calls': 458752, 'preparation_seconds': 0.2656564228236675, 'preparation_factor_calls_per_grid_point': 448, 'newton_iterations': 6, 'anchor_grid_points': 1024, 'anchor_rule': 'parameter-only six-step clipped Newton fixed-point iteration'}",4,23,603,cpu,1.0,8,0.5,learned,0.9786226513039007,64,standard normal at finite u_max,0.09943362203947553,anchored_pilot,0.022337113020602886,tail_anchored,0.14481133213464195,4096,0,development,1.8748309969618404e-05,0.2665831744670868,20260921,0,110,16777216,19.821680527180433,20.08826370164752,21026040,tail_anchored,0.00014998647714876607,32768,0.024258759734423645,0.10066348417103085,completed,1024,1,0.10187832084322329,0.02301095843728905,1.652679606285734e-05,0.17996752995835885,0.025528071447101584,20.0,0.18259873408478924,0.024744310828798723
