family,groups,dimension,steps,display_method,batch,particles,u_max,cells,finite,w1_mean_mean,w1_mean_std,w1_mean_median,ks_mean_mean,ks_mean_std,ks_mean_median,seconds_mean,seconds_std,seconds_median
gaussian,64,1,512,Full,4,8192,20.0,5,5,0.015570353102075501,0.008268372180365965,0.0147013998709199,0.056133778662267375,0.030526154005796415,0.0614621577005179,0.5985258205793798,0.01979647498225801,0.5959772765636444
gaussian,64,1,512,Tail-WOR,2,8192,20.0,5,5,0.0162468081031776,0.008920593840160744,0.0170890261778496,0.05896936886074957,0.02762829282950053,0.0632427062931343,1.000253290683031,0.015392868662105666,1.0051234178245068
gaussian,64,1,512,Tail-WOR,4,8192,20.0,5,5,0.0162468081031776,0.008920593840160744,0.0170890261778496,0.05896936886074959,0.027628292829500394,0.0632427062931346,0.9991873800754547,0.01586271734698121,0.9986422322690488
gaussian,64,1,512,Tail-WOR,8,8192,20.0,5,5,0.0162468081031776,0.008920593840160744,0.0170890261778496,0.05896936886074951,0.027628292829500547,0.0632427062931345,0.9942211151123047,0.03816303108187985,0.9790955930948256
gaussian,64,1,512,Tail-WR,2,8192,20.0,5,5,0.013688066888803441,0.008887969244279254,0.014105779871795,0.05448633308069273,0.037176855311395515,0.0537782617263815,1.0182351976633073,0.0365068815592493,1.0172143876552582
gaussian,64,1,512,Tail-WR,4,8192,20.0,5,5,0.013688066888803422,0.008887969244279271,0.014105779871795,0.05448633308069276,0.037176855311395564,0.0537782617263815,0.9990477405488492,0.016642623306716783,0.9998772442340852
gaussian,64,1,512,Tail-WR,8,8192,20.0,5,5,0.01368806688880346,0.008887969244279254,0.0141057798717951,0.054486333080692825,0.03717685531139549,0.0537782617263815,1.0176672413945198,0.026825195214827634,1.0101674906909466
gaussian,64,1,512,U-WOR,2,8192,20.0,5,0,0.07638883028342068,0.049739641609862946,0.0442559541047715,0.2499934167938135,0.12682729857503083,0.1651620484038048,0.7740248554386199,0.051144132117767256,0.7475593239068985
gaussian,64,1,512,U-WOR,4,8192,20.0,5,0,0.028713608124497657,0.009350268286750252,0.0281583610638557,0.1027909281733258,0.03071344313928152,0.1084861006433524,0.744195944070816,0.014284144779352966,0.7416744008660316
gaussian,64,1,512,U-WOR,8,8192,20.0,5,0,0.02643798851815856,0.018124561462663235,0.0208598024785762,0.09385557170740058,0.05310757094429052,0.0783693953371706,0.7428937219083309,0.012586100248700209,0.7458327561616898
gaussian,64,1,512,U-WR,2,8192,20.0,5,0,0.05481319814281366,0.02766636594770405,0.0509437160317435,0.19769042688980204,0.09083180392835748,0.189735417957515,0.7824516239110381,0.01924406037088313,0.7711807545274496
gaussian,64,1,512,U-WR,4,8192,20.0,5,0,0.030506655948867617,0.012185465959000677,0.0350389535525039,0.11022338026593481,0.03913181233908429,0.1169031566670695,0.7705170114059001,0.013630886589390314,0.7621961105614901
gaussian,64,1,512,U-WR,8,8192,20.0,5,0,0.02313108209728542,0.01507691568603539,0.0221785963900028,0.08567902106390891,0.05088941562917179,0.0885886609477844,0.7512739289551973,0.009201867429239638,0.746806344948709
gaussian,64,1,2048,Full,4,8192,20.0,5,5,0.02059306832696458,0.014876300121101969,0.0158454428092654,0.0778278397339213,0.0478306321936705,0.0649120073104987,2.2595158934593202,0.04844274437396598,2.2673996910452843
gaussian,64,1,2048,Tail-WOR,2,8192,20.0,5,5,0.016412842359621222,0.008727491589567768,0.0149828722310225,0.06331212403498912,0.03524559090697829,0.0515052507449767,3.858726482093334,0.06973309273133006,3.840900357812643
gaussian,64,1,2048,Tail-WOR,4,8192,20.0,5,5,0.0164128423596213,0.008727491589567727,0.0149828722310226,0.06331212403498918,0.03524559090697829,0.0515052507449769,3.8969932191073893,0.05430079858457629,3.9223552346229553
gaussian,64,1,2048,Tail-WOR,8,8192,20.0,5,5,0.01641284235962128,0.008727491589567751,0.0149828722310226,0.06331212403498933,0.0352455909069782,0.0515052507449769,3.8885582238435745,0.04538672910214571,3.8744205608963966
gaussian,64,1,2048,Tail-WR,2,8192,20.0,5,5,0.01758517976371532,0.0077248001693004335,0.0146794632013803,0.07018962527384932,0.02606181048209576,0.066263005017171,3.864084555208683,0.08911771820921219,3.8148352801799774
gaussian,64,1,2048,Tail-WR,4,8192,20.0,5,5,0.01758517976371532,0.0077248001693004335,0.0146794632013803,0.07018962527384925,0.026061810482095667,0.0662630050171711,3.959321904182434,0.04982428937623705,3.968659795820713
gaussian,64,1,2048,Tail-WR,8,8192,20.0,5,5,0.01758517976371534,0.007724800169300418,0.0146794632013803,0.0701896252738493,0.026061810482095583,0.0662630050171712,3.8910445258021356,0.07270404316738016,3.8793709576129913
gaussian,64,1,2048,U-WOR,2,8192,20.0,5,0,0.06639467123825692,0.014520623323080474,0.0666523884221682,0.23856417957558046,0.04097271495087202,0.2493309108134412,2.81708827028051,0.031099814102340653,2.808010473847389
gaussian,64,1,2048,U-WOR,4,8192,20.0,5,0,0.03501396843453751,0.015500436810618577,0.0400323301202108,0.12861835243098987,0.048491128263484194,0.1486937567973394,2.786248329747468,0.05436981923122244,2.767436269670725
gaussian,64,1,2048,U-WOR,8,8192,20.0,5,0,0.03603884990666646,0.01951061243313991,0.0319657411645526,0.11997196007276693,0.05293015324053224,0.109169865002309,2.78193052187562,0.06882915924181104,2.747963670641184
gaussian,64,1,2048,U-WR,2,8192,20.0,5,0,0.05166203976424786,0.012315216490474854,0.0450674911805551,0.19107661749779692,0.04074426056572975,0.1739965259386993,2.937394951283932,0.09041836398951689,2.9478336088359356
gaussian,64,1,2048,U-WR,4,8192,20.0,5,0,0.02515464253226176,0.013951007290332832,0.030181889053724,0.0901589192726469,0.04939823175807883,0.1140333404138377,2.9294794557616113,0.09762924688099046,2.921440526843071
gaussian,64,1,2048,U-WR,8,8192,20.0,5,0,0.015042216174642839,0.008570493050256157,0.013551258508068,0.05847890560744136,0.0337561479370376,0.055024159623775,2.8639452236238867,0.045566984236073554,2.8322872668504715
gaussian,64,8,512,Full,4,8192,10.0,5,5,0.016297347994360677,0.00465190487197769,0.014475598027706,0.06404510652352928,0.01944042215263956,0.0570893750361126,1.922610043734312,0.00477856489751549,1.92172472178936
gaussian,64,8,512,Full,4,8192,20.0,5,5,0.014843018725388981,0.0034139037623971535,0.0149037132852588,0.05683639012062491,0.011423193847301321,0.0572568822284131,1.9196597419679164,0.011794840799952216,1.9226939305663109
gaussian,64,8,512,Full,4,8192,30.0,5,5,0.03197125108069197,0.013497050396688635,0.0291025689793133,0.12047015331736846,0.05008563574835603,0.1058686320103023,1.9188002865761518,0.01251402431342166,1.9257356226444244
gaussian,64,8,512,Full,4,32768,20.0,5,5,0.02021435659011608,0.004269323407090752,0.0199404029757928,0.07495575632918476,0.01411203110833514,0.0733929338562243,6.5269990058615805,0.04512064363626269,6.496142361313105
gaussian,64,8,512,Full,4,131072,20.0,5,5,0.022397976301009443,0.013024643579689842,0.0174085496559812,0.08234094725665778,0.04620939775895609,0.0666292682883377,24.97127813138068,0.04676203735978615,24.986576162278652
gaussian,64,8,512,Tail-WOR,2,8192,20.0,5,5,0.024712072605468323,0.012751964788882034,0.0185324016485757,0.09422960457833754,0.044746218776813625,0.0733107182511347,1.0217552445828915,0.00954177685127774,1.025824822485447
gaussian,64,8,512,Tail-WOR,4,8192,10.0,5,5,0.02047241864160762,0.0031092618189527076,0.0214031497033364,0.08005563231801893,0.011524484998441817,0.0806741156040346,1.0100266881287099,0.019172633642743957,1.0223470963537693
gaussian,64,8,512,Tail-WOR,4,8192,20.0,5,5,0.024712072605468323,0.012751964788882034,0.0185324016485757,0.09422960457833751,0.044746218776813666,0.0733107182511346,1.0092633984982968,0.01824766835361715,1.0085951052606106
gaussian,64,8,512,Tail-WOR,4,8192,30.0,5,5,0.026367003684886557,0.008530088030166168,0.0268346666099552,0.09854890203852855,0.032557880013454436,0.1011062877426602,1.0280949629843235,0.004810487463322385,1.0287353545427322
gaussian,64,8,512,Tail-WOR,4,32768,20.0,5,5,0.01797443018343666,0.008267363448509773,0.014818942433687,0.06767646487116644,0.031141329524604237,0.0558870161796294,1.4430700314231217,0.012866640638028214,1.4403794705867767
gaussian,64,8,512,Tail-WOR,4,131072,20.0,5,5,0.01356836751750248,0.0016362267665600296,0.0140997042093036,0.0508739500542051,0.005824035627555714,0.0521061209712439,4.757273530960083,0.021888330133215946,4.769839510321617
gaussian,64,8,512,Tail-WOR,8,8192,20.0,5,5,0.024712072605468323,0.012751964788882034,0.0185324016485757,0.09422960457833751,0.04474621877681372,0.0733107182511346,1.0190064027905463,0.01345004707763936,1.0222682803869247
gaussian,64,8,512,Tail-WR,2,8192,20.0,5,5,0.01694624280281236,0.004711475368106399,0.0161607095016993,0.06318921945640983,0.016674039197685526,0.0602575339769939,1.0284597053192557,0.02580990753177926,1.0256157964468002
gaussian,64,8,512,Tail-WR,4,8192,10.0,5,5,0.018705673982411,0.00512903112923136,0.018640669678781,0.07175683151933412,0.01768379373891677,0.0733358050649759,1.0339526506140828,0.015645999266317216,1.024966798722744
gaussian,64,8,512,Tail-WR,4,8192,20.0,5,5,0.01694624280281236,0.004711475368106399,0.0161607095016993,0.06318921945640982,0.016674039197685467,0.0602575339769939,1.0211541190743447,0.03221440212398634,1.0088445097208023
gaussian,64,8,512,Tail-WR,4,8192,30.0,5,5,0.0180617430650889,0.0042212621521513435,0.0202500464232266,0.06967674460255488,0.015093302778472834,0.0752238266783592,1.0318592490628362,0.030215778900362075,1.0526459254324436
gaussian,64,8,512,Tail-WR,4,32768,20.0,5,5,0.01613414242836324,0.004647172983880303,0.0165821175216978,0.06111402422166966,0.017558665315518977,0.0621459982478399,1.2831464417278766,0.0042246618172520605,1.2851290963590143
gaussian,64,8,512,Tail-WR,4,131072,20.0,5,5,0.015148756351309658,0.002639107810285856,0.0149847125889769,0.056938481002521,0.009750490890201748,0.0545710331779273,3.899774796376005,0.030391018955041232,3.87909022718668
gaussian,64,8,512,Tail-WR,8,8192,20.0,5,5,0.01694624280281236,0.004711475368106399,0.0161607095016993,0.06318921945640973,0.016674039197685522,0.0602575339769939,1.0228231899440288,0.024120524956086624,1.0317301154136658
gaussian,64,8,512,U-WOR,2,8192,20.0,5,0,0.047037672240815176,0.008745796176832915,0.0471673915292539,0.199145656813633,0.03392307395150262,0.2018844871918049,0.8170589187648147,0.027255281076748624,0.8216355049517006
gaussian,64,8,512,U-WOR,4,8192,10.0,5,0,0.05580879906868014,0.01124310081687229,0.0602849140092809,0.23440941571967358,0.04551802117022939,0.2476342335385753,0.825317169725895,0.004361431169754197,0.8278416097164154
gaussian,64,8,512,U-WOR,4,8192,20.0,5,0,0.04357532519895142,0.009067365210971828,0.0399280477428466,0.18049625744829512,0.03367407245485852,0.171296153316643,0.8073013182729483,0.043762202883473454,0.7838349789381027
gaussian,64,8,512,U-WOR,4,8192,30.0,5,0,0.06546186973398493,0.02307758697923125,0.0586332413649288,0.28481486007678897,0.11501540668932743,0.253259723109173,0.7700879104435444,0.009615025068764807,0.7639272511005402
gaussian,64,8,512,U-WOR,4,32768,20.0,5,0,0.04373563266595796,0.009128734511041889,0.0396674900254983,0.17793372859730844,0.03316924227364383,0.1578717038708285,1.333789549767971,0.0040364188169268326,1.3320538997650146
gaussian,64,8,512,U-WOR,4,131072,20.0,5,0,0.04383259757455898,0.011496202411590653,0.0423870103924703,0.17841983173850356,0.0506322389444175,0.1806966276943931,4.294455218315124,0.0272530424430819,4.311702184379101
gaussian,64,8,512,U-WOR,8,8192,20.0,5,0,0.036865865560042954,0.002629520728788096,0.0357910720782607,0.1561906148720678,0.010981675728107041,0.1522041497867709,0.804434531647712,0.003579050653779734,0.8055121679790318
gaussian,64,8,512,U-WR,2,8192,20.0,5,0,0.043298388423961595,0.004676048847033412,0.0426503508066084,0.17613608907710476,0.022212782520100893,0.1778272454961387,0.8258063212037087,0.013356937957591386,0.8254545666277409
gaussian,64,8,512,U-WR,4,8192,10.0,5,0,0.04978131705641502,0.02497203398361431,0.0434536057571852,0.205441823080716,0.11229129933374396,0.1792245886487792,0.8665255837142467,0.03147319457183707,0.8880739808082581
gaussian,64,8,512,U-WR,4,8192,20.0,5,0,0.053552319277055116,0.015212577035640903,0.0501220515466867,0.22867231530576254,0.06500310016323191,0.2094967694603035,0.8074362553656101,0.015333609888182569,0.7992615699768066
gaussian,64,8,512,U-WR,4,8192,30.0,5,0,0.056033180657784065,0.011250253324381053,0.0515996302596675,0.24487384165148446,0.04084469681751476,0.2436782922067672,0.7791148573160172,0.004862282297842012,0.7814025282859802
gaussian,64,8,512,U-WR,4,32768,20.0,5,0,0.0460974219133489,0.01743791068586762,0.0428976393221507,0.1957264373021958,0.08052763779005517,0.1809044478526696,1.182073360681534,0.0068170221137932915,1.1780218482017517
gaussian,64,8,512,U-WR,4,131072,20.0,5,0,0.04376786484905944,0.012884428715177322,0.0401248260369366,0.17773580720947718,0.0559699446695015,0.1683275267276899,3.4507989048957826,0.014295752467165268,3.4570883065462112
gaussian,64,8,512,U-WR,8,8192,20.0,5,0,0.038856111352421896,0.006743550120058646,0.0355204339681938,0.1563880906945539,0.020367134113991995,0.1429067091726861,0.8218987808097153,0.020161079355281736,0.8197172731161118
gaussian,64,8,2048,Full,4,8192,20.0,5,5,0.01492647249997854,0.002856358894928722,0.0139905930771908,0.057658978220812264,0.011330766662209935,0.0551772789134869,7.519516353309155,0.0373654171266605,7.498714938759804
gaussian,64,8,2048,Tail-WOR,2,8192,20.0,5,5,0.02002928331820348,0.00698380169239986,0.0167510077299844,0.07682811966734551,0.024775299091239402,0.0668068703072945,3.8591522008180617,0.10433610849069536,3.8170628026127815
gaussian,64,8,2048,Tail-WOR,4,8192,20.0,5,5,0.02002928331820348,0.00698380169239986,0.0167510077299844,0.07682811966734554,0.024775299091239364,0.0668068703072946,3.9036813721060755,0.09290345834484906,3.934287175536156
gaussian,64,8,2048,Tail-WOR,8,8192,20.0,5,5,0.02002928331820348,0.00698380169239986,0.0167510077299844,0.07682811966734548,0.02477529909123935,0.0668068703072944,3.9187015756964683,0.08294748971532875,3.923954203724861
gaussian,64,8,2048,Tail-WR,2,8192,20.0,5,5,0.0231231516918388,0.005919454981161182,0.0240220341119306,0.08618482436092331,0.018668417299142686,0.0936172046047233,3.9668611644767227,0.07242898033257077,3.944538434967398
gaussian,64,8,2048,Tail-WR,4,8192,20.0,5,5,0.023123151691838817,0.005919454981161205,0.0240220341119306,0.08618482436092326,0.01866841729914267,0.0936172046047233,3.9197971367277207,0.03803353046529675,3.910068121738732
gaussian,64,8,2048,Tail-WR,8,8192,20.0,5,5,0.023123151691838817,0.005919454981161205,0.0240220341119306,0.08618482436092331,0.01866841729914272,0.0936172046047234,3.974906571302563,0.11760945676992064,3.9305395763367414
gaussian,64,8,2048,U-WOR,2,8192,20.0,5,0,0.040971811275456696,0.004857840624674086,0.0384223790704759,0.16521600689365282,0.021466160730266828,0.1511612388391263,3.046051085740328,0.037932208304042946,3.049975708127022
gaussian,64,8,2048,U-WOR,4,8192,20.0,5,0,0.03750952830711026,0.007830029417364624,0.0345086408027182,0.1463415202999702,0.032234931065546285,0.1326023404855962,3.0650942634325475,0.10777552197494797,3.00551900267601
gaussian,64,8,2048,U-WOR,8,8192,20.0,5,0,0.02064499425055404,0.005678920711184787,0.021967692057417,0.0779143349173341,0.019734512373617532,0.0815664905102606,3.0403585844673215,0.0495264087560485,3.020036978647113
gaussian,64,8,2048,U-WR,2,8192,20.0,5,0,0.04204013077543336,0.006656223461922486,0.0411587780774469,0.17129379374856635,0.031485285670363884,0.1600971516146774,3.1407702662050725,0.047130095784152476,3.1193358972668648
gaussian,64,8,2048,U-WR,4,8192,20.0,5,0,0.039327196240777976,0.014400915636964641,0.0310533331980175,0.1576433036596493,0.06097871600264134,0.1221545502828686,3.1194378986954687,0.05910847968591631,3.113373853266239
gaussian,64,8,2048,U-WR,8,8192,20.0,5,0,0.02349771965289834,0.004285234314987677,0.0223663575036364,0.09296713273231805,0.01619982047886196,0.0884858110387523,3.070413875579834,0.04549332662029535,3.071436870843172
mixture,64,1,512,Full,4,8192,20.0,5,5,0.20569566100744127,0.2222719592868099,0.0734431207869738,0.09410139516457038,0.08841263074745294,0.048446502553529,0.5758725225925445,0.007339990187056864,0.5794081017374992
mixture,64,1,512,Tail-WOR,2,8192,20.0,5,5,1.691718706351206,0.004052187961634655,1.6931228813708734,0.6951513217230261,0.00027122523621175577,0.695066831060375,1.0103251052089035,0.040101292946936595,0.993348389863968
mixture,64,1,512,Tail-WOR,4,8192,20.0,5,5,1.7321029659342564,0.015683228643312272,1.7255045771713748,0.6968234311414019,0.0013757755373647968,0.6967762485850719,0.9968872457742691,0.022832725049487065,0.9894813299179076
mixture,64,1,512,Tail-WOR,8,8192,20.0,5,5,1.711456192395674,0.04968126318607219,1.7302027465340983,0.6865942845664614,0.017358558440781352,0.6937532865299285,0.9755747869610787,0.02051165189348388,0.971127800643444
mixture,64,1,512,Tail-WR,2,8192,20.0,5,5,1.6890082149986216,0.007428272827226903,1.6896687793072425,0.6951273487979013,0.0003185202825136404,0.6950048732368149,1.038946684356779,0.037893088239420884,1.0230109095573423
mixture,64,1,512,Tail-WR,4,8192,20.0,5,5,1.7146180844105643,0.021803726229852726,1.710744029348286,0.6958187614743039,0.0014342508287288923,0.6953160308327079,1.017012811638415,0.017216101473259374,1.010928949341178
mixture,64,1,512,Tail-WR,8,8192,20.0,5,5,1.7024093938033382,0.0601862589779843,1.7103467893891025,0.6872713781596772,0.014846950188511,0.6950587942743561,0.9977974072098732,0.013279843262151845,0.994362773373723
mixture,64,1,512,U-WOR,2,8192,20.0,5,0,1.7276334270391143,0.012393695050646778,1.7211466029468017,0.7009101417657146,0.0036756465398364324,0.6989092771641991,0.7525672733783721,0.015338912932897648,0.7493795827031136
mixture,64,1,512,U-WOR,4,8192,20.0,5,0,1.7458526254721374,0.03691486267954464,1.732691034710129,0.7020663257175321,0.013042277041799319,0.6961187783023333,0.7426752246916294,0.01689500092487948,0.7427679970860481
mixture,64,1,512,U-WOR,8,8192,20.0,5,0,1.727300562903156,0.024091666439208338,1.7278590761046624,0.691972533759793,0.011145779149512357,0.6957195080219228,0.7343742445111274,0.021734249772079633,0.7250405550003052
mixture,64,1,512,U-WR,2,8192,20.0,5,0,1.7222248854898716,0.013163856285333902,1.7181652040348867,0.6975505272080117,0.0011668284775320714,0.6972184895651183,0.762808034569025,0.012344647996844621,0.7608335055410862
mixture,64,1,512,U-WR,4,8192,20.0,5,0,1.7369191390423366,0.017082468515451574,1.736437157207893,0.6986055243803524,0.004412010509599631,0.6970488324065431,0.7636031195521354,0.009622767728279516,0.7636669836938381
mixture,64,1,512,U-WR,8,8192,20.0,5,0,1.7375954605531476,0.024713362727813007,1.7278166478549917,0.6940307333563513,0.006033052115494837,0.6961879635966631,0.751706575602293,0.01367438606174031,0.7611641585826874
mixture,64,1,2048,Full,4,8192,20.0,5,5,0.4607717284406962,0.38949877766580826,0.3503552945865573,0.19748377160580327,0.17395214612709517,0.14328120999755,2.2212355554103853,0.05243355189275536,2.203601263463497
mixture,64,1,2048,Tail-WOR,2,8192,20.0,5,5,1.7220462828387806,0.006264725698038499,1.7242922688301916,0.6957522210990463,0.0008604987168805754,0.695347384515312,3.879915493819863,0.07182772311366169,3.848216362297535
mixture,64,1,2048,Tail-WOR,4,8192,20.0,5,5,1.4097697516624343,0.1221153569424276,1.364698984258866,0.5687381007579586,0.04854872102064246,0.553004025428526,3.823103701043874,0.05989243224724468,3.796345280017704
mixture,64,1,2048,Tail-WOR,8,8192,20.0,5,5,0.4068639699264069,0.26195045059531563,0.3391798195550206,0.17090840517989067,0.10026457855798818,0.1489837823376977,3.849386949185282,0.0814638127832617,3.8498072028160095
mixture,64,1,2048,Tail-WR,2,8192,20.0,5,5,1.719003408130471,0.004101621453339588,1.7195370612893286,0.696011803914512,0.0007059191587206768,0.6958273355903031,3.920071571320295,0.06914125408130038,3.8751314282417297
mixture,64,1,2048,Tail-WR,4,8192,20.0,5,5,1.5124703316430288,0.13814511041668345,1.582134061157765,0.6108845452785293,0.05499558983149059,0.6418031761367884,3.9835371809080242,0.15842986755862404,3.920959010720253
mixture,64,1,2048,Tail-WR,8,8192,20.0,5,5,0.3585517341048223,0.08414133607206635,0.4146411697771129,0.1769735938601648,0.03753179517143109,0.178001680874032,3.9960419815964996,0.15318785118835493,4.002280226908624
mixture,64,1,2048,U-WOR,2,8192,20.0,5,0,1.8138828511393714,0.018000150403478354,1.8120802523396384,0.7349233683677981,0.016393216436846086,0.7323018262363825,2.9112174578011034,0.034856913755677996,2.9128697738051414
mixture,64,1,2048,U-WOR,4,8192,20.0,5,0,1.5585596163915914,0.2615264316285484,1.6367823843822968,0.618983168931276,0.09774747982433664,0.6462161618088833,2.815628518909216,0.04744654924908607,2.8130645118653774
mixture,64,1,2048,U-WOR,8,8192,20.0,5,0,0.5432753826790149,0.4832498445963954,0.309822862694521,0.23226207726769696,0.21083243303548785,0.1270222253120609,2.8112381659448147,0.05664432527499007,2.80509240180254
mixture,64,1,2048,U-WR,2,8192,20.0,5,0,1.843399298187928,0.024108804424736494,1.829661575548096,0.7617690528854426,0.025454599593823877,0.7482064832132567,2.9543313160538673,0.05096572977399461,2.971017062664032
mixture,64,1,2048,U-WR,4,8192,20.0,5,0,1.6319567319749826,0.24583104581138143,1.7292823263344912,0.6539057534913806,0.09748321590285675,0.6893840597924816,2.86879448518157,0.054667771299581995,2.8535999953746796
mixture,64,1,2048,U-WR,8,8192,20.0,5,0,0.3316153030718588,0.2579186387217564,0.3282866738711091,0.16758710649764735,0.09540183419624132,0.2292438155783556,2.8280143879354,0.03716744131090123,2.8335245102643967
mixture,64,8,512,Full,4,8192,10.0,5,5,0.8008996311328292,0.14845879464640105,0.7413338223508336,0.34001470501566866,0.05946666115294096,0.3222428730998791,1.8998122561722994,0.004002725928058659,1.899669598788023
mixture,64,8,512,Full,4,8192,20.0,5,5,0.8805293610762883,0.37206736197448653,1.09633613304635,0.37285625667009203,0.14736897921287095,0.4624552088086436,1.9008492765016853,0.007452189152459641,1.9026599004864693
mixture,64,8,512,Full,4,8192,30.0,5,5,0.7111871711117644,0.21333875988234657,0.7753187665740254,0.30215426088654074,0.07951033237587096,0.3249371677351342,1.8943623680621386,0.011523780228859089,1.8887826837599275
mixture,64,8,512,Full,4,32768,20.0,5,5,0.7108582720957546,0.20873307182896278,0.8089973352355673,0.3070042800309605,0.08735082312912273,0.3448557576708564,6.535079305060208,0.043847471672615816,6.566489499993622
mixture,64,8,512,Full,4,131072,20.0,5,5,0.6501073625069975,0.2040980364768538,0.6230071363586108,0.2742035744195939,0.08012777141439918,0.2653501269237615,24.968348697572946,0.0868129430600398,25.028198901563883
mixture,64,8,512,Tail-WOR,2,8192,20.0,5,5,1.2842152715294208,0.3484882255104242,1.455916405201087,0.5853694899853598,0.12929593112962623,0.6624777123171399,1.0565358842723072,0.039115782718113355,1.0387807935476303
mixture,64,8,512,Tail-WOR,4,8192,10.0,5,5,1.1847662278822892,0.38974719943625363,1.3197951620240542,0.5290639694797091,0.12583481937484445,0.5510076832561834,1.0375232875347138,0.02139423641073001,1.0288689136505127
mixture,64,8,512,Tail-WOR,4,8192,20.0,5,5,1.4395831195646618,0.3685313174471466,1.57089716343683,0.6404820186238905,0.12804094834417093,0.6872305759460654,1.0413833754137158,0.026772126190769054,1.0337377600371838
mixture,64,8,512,Tail-WOR,4,8192,30.0,5,5,1.053828374396369,0.34520683965512355,0.8799448560814744,0.5080152715491985,0.12213151021376673,0.4472624878697517,1.043335559219122,0.0024792065610894586,1.0436311662197113
mixture,64,8,512,Tail-WOR,4,32768,20.0,5,5,1.5151161445748542,0.13038392519023362,1.5601291807398296,0.6493807872679389,0.04264568641369467,0.6581371729145234,1.4625898455269635,0.008891592394293397,1.4669189020060005
mixture,64,8,512,Tail-WOR,4,131072,20.0,5,5,1.4696962138082033,0.35726055939651313,1.6754326567133409,0.6295483466456238,0.1213596011448303,0.701105477283704,4.769050198793411,0.019612796313726463,4.758320093154907
mixture,64,8,512,Tail-WOR,8,8192,20.0,5,5,1.006218455039502,0.3370077911534191,0.8781981233150021,0.4582383577853063,0.11802300615747432,0.4206430106541424,1.0227069096639751,0.020107656293658793,1.0165267009288073
mixture,64,8,512,Tail-WR,2,8192,20.0,5,5,1.2426879427258322,0.40470635359246465,1.3309870631061351,0.5461028297457318,0.16094562046984479,0.6022357834858391,1.0610350370407104,0.02143441434159194,1.0571740940213203
mixture,64,8,512,Tail-WR,4,8192,10.0,5,5,1.4374753666429714,0.3224137445069827,1.5707694565330437,0.6269514072401653,0.10382733850667505,0.661724132981665,1.079173790710047,0.016027399885788045,1.0887508490122857
mixture,64,8,512,Tail-WR,4,8192,20.0,5,5,1.0040776168619874,0.32670218995728095,0.8820459742069285,0.4987525075977599,0.10907173030484872,0.4529217086729892,1.0611679054796697,0.021321153128885797,1.059996418654919
mixture,64,8,512,Tail-WR,4,8192,30.0,5,5,1.4959545825302865,0.18959144515656523,1.4844830055065392,0.6633328194193588,0.07729976106842162,0.6729096451227825,1.038542649988085,0.025067856105811935,1.0269847651943564
mixture,64,8,512,Tail-WR,4,32768,20.0,5,5,0.8227803036338065,0.05032015012232545,0.7944242727250481,0.4120021353047041,0.019646453844317333,0.4062011401073323,1.3052936911582946,0.002431372083421414,1.306464832276106
mixture,64,8,512,Tail-WR,4,131072,20.0,5,5,1.2867314979898314,0.38861532391745124,1.553771024675939,0.5631736020824303,0.14174232911328702,0.6483429159659589,3.934322243789211,0.029494737393612486,3.9542834321036935
mixture,64,8,512,Tail-WR,8,8192,20.0,5,5,1.5139926614350767,0.10418295850873652,1.5725303827407728,0.6329276644077761,0.04292570638939446,0.6595405559466899,1.0516645424067974,0.03980443909682819,1.0421673655509949
mixture,64,8,512,U-WOR,2,8192,20.0,5,0,1.6519371563235279,0.008866495280976964,1.6507467289947195,0.7020417720751072,0.002307850740487758,0.7026188829762088,0.7790195800364017,0.011098360872508954,0.7788780890405178
mixture,64,8,512,U-WOR,4,8192,10.0,5,0,1.6642461807133984,0.011672535198240847,1.6659630252413709,0.7058841685267863,0.004269300493160524,0.705904327305908,0.798168420791626,0.003673510495797653,0.7963935658335686
mixture,64,8,512,U-WOR,4,8192,20.0,5,0,1.663292454432283,0.009315715673135397,1.6664543800712466,0.7091245651856042,0.00811941875252759,0.7074305184846709,0.7726232096552849,0.015210060428167953,0.7727770060300827
mixture,64,8,512,U-WOR,4,8192,30.0,5,0,1.6617047464654298,0.018059854507516106,1.6606566025012717,0.7121470319568385,0.008486640896794576,0.7099634010763134,0.7587949953973293,0.008832604897750214,0.7635725326836109
mixture,64,8,512,U-WOR,4,32768,20.0,5,0,1.6576026862289848,0.008537629703397696,1.6619839576118414,0.7066100381321508,0.007043642169188963,0.7046461387244299,1.3137933388352394,0.005217299143541083,1.313727792352438
mixture,64,8,512,U-WOR,4,131072,20.0,5,0,1.6607518098593446,0.008247042692272201,1.6599663165313112,0.7035450698779634,0.00525817790100074,0.7028706411704693,4.275145968049765,0.02423154003588574,4.264944490045309
mixture,64,8,512,U-WOR,8,8192,20.0,5,0,1.6719070954150417,0.055052541059361075,1.695998442834206,0.6975222846837968,0.022742089619440457,0.7044969376152773,0.784860460460186,0.004226563620342315,0.7844930849969387
mixture,64,8,512,U-WR,2,8192,20.0,5,0,1.6456404225314245,0.009230333400221401,1.643478169539238,0.7016501970419492,0.0022972309602404617,0.7013676314622102,0.7965127639472485,0.017873018528119657,0.7875090949237347
mixture,64,8,512,U-WR,4,8192,10.0,5,0,1.66896913510265,0.01052066115794889,1.6659638870126043,0.7066546069416364,0.0033789474793383388,0.706581952021173,0.8287910714745521,0.03389770626085069,0.8056102357804775
mixture,64,8,512,U-WR,4,8192,20.0,5,0,1.6494584878915053,0.009673392093609972,1.6505859546748602,0.7055380071204198,0.004589872808267643,0.7063126425394406,0.7834326222538948,0.01333105095977371,0.7778702303767204
mixture,64,8,512,U-WR,4,8192,30.0,5,0,1.6644600623495798,0.025853354308803596,1.649896898455719,0.7174299615594556,0.01535300961243238,0.7085051674979432,0.7639394208788872,0.0052136635358123766,0.7614678777754307
mixture,64,8,512,U-WR,4,32768,20.0,5,0,1.6557329577641977,0.005225000001172974,1.6534193819159793,0.7034475683452242,0.003116283599420058,0.7028419993305962,1.1609698623418807,0.007824993539239072,1.1560616940259931
mixture,64,8,512,U-WR,4,131072,20.0,5,0,1.6498011071147207,0.004195741720268392,1.651707197386344,0.6997533564291313,0.0022819569664233727,0.6997693354767592,3.4313362404704093,0.011828110903773061,3.4313043355941772
mixture,64,8,512,U-WR,8,8192,20.0,5,0,1.6658472096324348,0.05207718799828772,1.682769168895304,0.7009527989503195,0.02144442589347254,0.7061214233533625,0.7918187446892262,0.007851019676119784,0.7947094291448593
mixture,64,8,2048,Full,4,8192,20.0,5,5,0.8754924086506737,0.20343262498941234,0.840538713601483,0.37373935378212536,0.09019925355613446,0.3499064658984505,7.511417202046141,0.048754876579803486,7.497022456955165
mixture,64,8,2048,Tail-WOR,2,8192,20.0,5,5,1.5837200612203777,0.10214507113679526,1.573072573351507,0.6700854670788147,0.03046671209923197,0.6771816978973287,4.065063106268644,0.07779945622808336,4.092084228992462
mixture,64,8,2048,Tail-WOR,4,8192,20.0,5,5,1.6809925755415924,0.054914875996091024,1.7032601659041342,0.6892066378619741,0.02237408990213148,0.6990995697007475,4.069986144453287,0.1411679750757638,4.025048017501831
mixture,64,8,2048,Tail-WOR,8,8192,20.0,5,5,1.6009372425831252,0.08890930862410903,1.606976606260078,0.6494444632343643,0.0345930587435348,0.649533549506766,4.054086067993194,0.1515917063702101,3.9809049665927887
mixture,64,8,2048,Tail-WR,2,8192,20.0,5,5,1.2656477195519933,0.4581987287269818,1.556591493785553,0.5480765163945596,0.17689054390278552,0.6611788054133281,4.166052731871605,0.058757608982957045,4.172543454915285
mixture,64,8,2048,Tail-WR,4,8192,20.0,5,5,1.6331570474666166,0.10969460471747834,1.6973272517534996,0.6707606340203485,0.04461480025468145,0.6999664602188154,4.151035117357969,0.07717383334110982,4.189287558197975
mixture,64,8,2048,Tail-WR,8,8192,20.0,5,5,1.562996508045298,0.08146009048012147,1.5952278184416346,0.6398043807858147,0.027871645579297125,0.6499303242111443,4.091534546762705,0.09376028144667178,4.1050100065767765
mixture,64,8,2048,U-WOR,2,8192,20.0,5,0,1.6906619677692334,0.005477113657943992,1.6916673558958144,0.7061754717520928,0.0027923498906809435,0.7057639334290978,3.0227319672703743,0.052701927161524754,3.045525297522545
mixture,64,8,2048,U-WOR,4,8192,20.0,5,0,1.7112867914588858,0.006307369673959331,1.7102621274591845,0.7055832724590052,0.0020387313929948504,0.7061282281650796,3.0197875156998633,0.026300507031508845,3.0237467661499977
mixture,64,8,2048,U-WOR,8,8192,20.0,5,0,1.7249234504420419,0.006139392071562422,1.7242814758398768,0.7003192631584996,0.002685442471501982,0.7008460279170325,2.9766600757837294,0.019821789221378953,2.963542722165585
mixture,64,8,2048,U-WR,2,8192,20.0,5,0,1.686026905876168,0.0056345983521643725,1.6838698555843452,0.7043891512963973,0.004408751801071021,0.7037585809284405,3.0725365239195526,0.04480850823963375,3.059182995930314
mixture,64,8,2048,U-WR,4,8192,20.0,5,0,1.702892896829733,0.00737428616348235,1.7050394760797658,0.701606334084549,0.001704679945783385,0.7015282611880925,3.0634122577495875,0.053377745549811305,3.0583288818597794
mixture,64,8,2048,U-WR,8,8192,20.0,5,0,1.704062490632155,0.057351804985368286,1.7287037136510333,0.6944371758347759,0.02386758605523484,0.7032110034642909,2.989123357832432,0.0687181569938462,2.9598195552825928
weak_mixture,64,1,512,Full,4,8192,20.0,5,5,0.0104402799459493,0.0016905254907055068,0.010086767786369,0.01156981773421692,0.0023377359895142883,0.0114255549779749,0.5755992706399411,0.021173810089263178,0.5613086074590683
weak_mixture,64,1,512,Tail-WOR,2,8192,20.0,5,5,0.0441069398152492,0.05527743599007308,0.0144915675520668,0.03784419061629122,0.04166866876625536,0.0192937263719248,0.9739097654819489,0.01694371005247222,0.9733327962458134
weak_mixture,64,1,512,Tail-WOR,4,8192,20.0,5,5,0.04583163663622468,0.05879940252741058,0.0155072692862056,0.03823770997108652,0.04404889489610446,0.0125067072566083,0.97456344217062,0.01556763683184517,0.9778358787298204
weak_mixture,64,1,512,Tail-WOR,8,8192,20.0,5,5,0.04372174551192552,0.05294450908146684,0.0144685514252552,0.03857445215630813,0.042749931123498404,0.0156151068193537,0.963704789429903,0.018326210406041103,0.9517581686377524
weak_mixture,64,1,512,Tail-WR,2,8192,20.0,5,5,0.0194916961461317,0.01769900630679144,0.0135226700572595,0.01670577447023018,0.012538436718687845,0.0107656725821682,0.9961186058819294,0.03009143843122534,0.9998831450939178
weak_mixture,64,1,512,Tail-WR,4,8192,20.0,5,5,0.020628476314604578,0.020371896287188627,0.0148458484930462,0.02016627615952678,0.018173906564399336,0.0123720306589174,0.9782524563372135,0.012548030900746495,0.9780905619263648
weak_mixture,64,1,512,Tail-WR,8,8192,20.0,5,5,0.02134310475313726,0.019922857262845747,0.0138559486183215,0.01966879939681636,0.016852467889749895,0.0124678393127612,0.9921000987291336,0.015094685970380753,0.9955227822065352
weak_mixture,64,1,512,U-WOR,2,8192,20.0,5,0,0.03968877267453626,0.04106866798091583,0.0186624691799716,0.03469039670336236,0.032065744597741516,0.0161538140828327,0.695513674709946,0.015639263605886057,0.6889510937035084
weak_mixture,64,1,512,U-WOR,4,8192,20.0,5,0,0.03314634039520598,0.03717433886326317,0.0159723546044702,0.031131114480102817,0.028921311715209314,0.0170616118012964,0.6950484216213226,0.015099686392825934,0.6864480301737785
weak_mixture,64,1,512,U-WOR,8,8192,20.0,5,0,0.0382348509689992,0.03949963752966608,0.0175507626477686,0.033808783044504076,0.029446532712722257,0.0179275402633604,0.6995823152363301,0.010476260492595466,0.7039371952414513
weak_mixture,64,1,512,U-WR,2,8192,20.0,5,0,0.025067100101528655,0.019166756071953086,0.0164069840560209,0.023245503757098218,0.01666517455975496,0.0164600775045211,0.7227387550286949,0.022376303702688203,0.7095849504694343
weak_mixture,64,1,512,U-WR,4,8192,20.0,5,0,0.02581576856530356,0.02034326239640825,0.0165764783001893,0.02416489224115724,0.017377830282970103,0.0167679083334034,0.7151592095848173,0.01598795643572257,0.7092266604304314
weak_mixture,64,1,512,U-WR,8,8192,20.0,5,0,0.02157474368946872,0.018448545771482243,0.0137256675110926,0.021783284920158998,0.01536280307636832,0.0159975301327332,0.705426626931876,0.006148904914325928,0.704439259134233
weak_mixture,64,1,2048,Full,4,8192,20.0,5,5,0.0295486903805878,0.00395505562943596,0.0294542265235801,0.02695983329040378,0.005403365582775183,0.0253784840089238,2.2384983457624914,0.04247820678425633,2.2498265355825424
weak_mixture,64,1,2048,Tail-WOR,2,8192,20.0,5,5,0.019129644185870757,0.013759109081977017,0.0135432587620358,0.016960467524564503,0.005417361396016662,0.0178281733506506,3.8416451893746855,0.07331562101926671,3.813468284904957
weak_mixture,64,1,2048,Tail-WOR,4,8192,20.0,5,5,0.017972388883965622,0.009655189196600992,0.0130365430312684,0.016422368328868543,0.003589978318685173,0.0172991929373492,3.8597626484930516,0.07066517939460085,3.8185241408646102
weak_mixture,64,1,2048,Tail-WOR,8,8192,20.0,5,5,0.019705507309388297,0.013435470204518705,0.0130180920348303,0.0172636663125579,0.006207685237489563,0.0174699177106896,3.862518887221813,0.057438123603535514,3.870919533073902
weak_mixture,64,1,2048,Tail-WR,2,8192,20.0,5,5,0.0163635172252454,0.00282370790706008,0.0175374858040086,0.015761788435757682,0.0027280379626715935,0.0151688535344147,3.855214686691761,0.08265929086004092,3.8230188339948654
weak_mixture,64,1,2048,Tail-WR,4,8192,20.0,5,5,0.016429216326079882,0.003991106532726468,0.017955675199478,0.0152221163276015,0.002666877985449352,0.0156967852128742,3.9512966170907022,0.050484277676803226,3.9561338871717457
weak_mixture,64,1,2048,Tail-WR,8,8192,20.0,5,5,0.01650958296457672,0.0037175447828935435,0.0188423903032589,0.01588581110815552,0.0031128878942614634,0.0155341216576354,3.8852600306272507,0.06917793530524999,3.8705867156386375
weak_mixture,64,1,2048,U-WOR,2,8192,20.0,5,0,0.01629025873297376,0.0067891490568932076,0.0153018053596301,0.01602472905893794,0.004529603084727481,0.0136420131328429,2.751832581497729,0.04147568685637809,2.7461587209254503
weak_mixture,64,1,2048,U-WOR,4,8192,20.0,5,0,0.013837395528759077,0.005015577368937812,0.0116683192396476,0.01317734417105818,0.004536896003740152,0.0150743328567157,2.7526257201097906,0.03470713750724851,2.737263061106205
weak_mixture,64,1,2048,U-WOR,8,8192,20.0,5,0,0.01603511013001584,0.008595673594202387,0.013323706426083,0.015075914496220342,0.003664133621368014,0.0145750499923199,2.761271680518985,0.060022545652608846,2.733477456495166
weak_mixture,64,1,2048,U-WR,2,8192,20.0,5,0,0.019059224205366102,0.00831272612130003,0.0186047971775268,0.0201247178407991,0.005626497568474459,0.0203515764318292,2.8729699797928334,0.09561714383709309,2.824085846543312
weak_mixture,64,1,2048,U-WR,4,8192,20.0,5,0,0.01705260506805392,0.003202505937752876,0.0177538630191339,0.016711979815716,0.005461787553185149,0.0151028635356278,2.893894004216418,0.10871997708440363,2.8331673741340637
weak_mixture,64,1,2048,U-WR,8,8192,20.0,5,0,0.01559667124311558,0.003543244560990984,0.0162974356575199,0.01532844275804108,0.00315610217560272,0.0143430049333785,2.8440424694214017,0.05026020048514259,2.8192022033035755
weak_mixture,64,8,512,Full,4,8192,10.0,5,5,0.02647192008130922,0.011604929990564963,0.0251381366026974,0.02528452814457636,0.008903943863910123,0.0222870864366939,1.890195844694972,0.004724495973272942,1.8907711170613768
weak_mixture,64,8,512,Full,4,8192,20.0,5,5,0.028030140585160863,0.007265057064107757,0.0276486902680957,0.02749332261455084,0.00647427001049476,0.0270597165195629,1.8866843320429325,0.009023122549833272,1.8885876052081585
weak_mixture,64,8,512,Full,4,8192,30.0,5,5,0.02817378345936782,0.010520215759625081,0.0302134997377071,0.027645130540108236,0.009015885105760757,0.0297123238039597,1.8896481685340405,0.00851497095651939,1.8939507603645325
weak_mixture,64,8,512,Full,4,32768,20.0,5,5,0.025176817484900017,0.006815881987481693,0.026260800110487,0.022545806890092564,0.006075437968852596,0.023171395745524,6.507654898427427,0.0434694921915646,6.479541815817356
weak_mixture,64,8,512,Full,4,131072,20.0,5,5,0.01340923351324686,0.008130765474717127,0.0116372021640221,0.01219764014493416,0.007631423879900442,0.00941709028933,24.935584960132836,0.08263228277450756,24.89305330440402
weak_mixture,64,8,512,Tail-WOR,2,8192,20.0,5,5,0.0281438900227223,0.009996786742719801,0.0266672128833574,0.027569539553783662,0.00889977041903983,0.0270191483886372,0.9850658655166626,0.014454357814450406,0.9875623509287834
weak_mixture,64,8,512,Tail-WOR,4,8192,10.0,5,5,0.025017903234262985,0.007017772735086055,0.0246052559403193,0.0249422204398821,0.005677129756028303,0.0249794145122411,0.9901287443935871,0.04931633102870485,0.987140655517578
weak_mixture,64,8,512,Tail-WOR,4,8192,20.0,5,5,0.02497963922439046,0.007064800685161503,0.0251557764069477,0.024530029148238576,0.006270501983823879,0.0248708378476693,0.9772554509341717,0.018191757263521784,0.9743858650326728
weak_mixture,64,8,512,Tail-WOR,4,8192,30.0,5,5,0.03258213121578992,0.021513486009737664,0.0286637315741716,0.03206971631005964,0.01980869609454281,0.0285110557782486,0.9934507109224796,0.010599685495097067,0.9965078234672546
weak_mixture,64,8,512,Tail-WOR,4,32768,20.0,5,5,0.019382933594794177,0.0033170170027305964,0.0209404843969842,0.018188910507352902,0.002427469016238641,0.0189605870936553,1.413644367363304,0.007894952935182104,1.4103405177593231
weak_mixture,64,8,512,Tail-WOR,4,131072,20.0,5,5,0.0357110000539872,0.03404723132550071,0.0273671740206188,0.03232961445184756,0.030463950356867348,0.0257693361100488,4.727963098883629,0.022122219460535966,4.741257756948471
weak_mixture,64,8,512,Tail-WOR,8,8192,20.0,5,5,0.03127643223198524,0.012667153216000178,0.0319848160124939,0.031420039745933756,0.012026957793386599,0.0298744262177717,0.9859090209007263,0.013473204266317134,0.991855662316084
weak_mixture,64,8,512,Tail-WR,2,8192,20.0,5,5,0.043560222754338976,0.03582443774352563,0.0227446620136772,0.04157438348428954,0.03209171634956478,0.0230419594064466,0.9936295924708247,0.021051893757596342,0.9951806962490082
weak_mixture,64,8,512,Tail-WR,4,8192,10.0,5,5,0.032216412935192,0.014331011820582664,0.0234711806661425,0.0312543633863029,0.014068237056630184,0.0237762650388205,1.0029144315514713,0.01323956780045924,0.9978593364357948
weak_mixture,64,8,512,Tail-WR,4,8192,20.0,5,5,0.042855279062196924,0.026314466465148803,0.0339418739267501,0.0414010730287905,0.024761312353433197,0.0323039626160348,0.9871767565608025,0.026748836796832147,0.9765901863574982
weak_mixture,64,8,512,Tail-WR,4,8192,30.0,5,5,0.037805214335281424,0.021137368302206378,0.0300236256543599,0.03664595487136272,0.01810038862198347,0.03017439308706,1.003742071799934,0.022054145153398798,1.0167061164975166
weak_mixture,64,8,512,Tail-WR,4,32768,20.0,5,5,0.025008022063574657,0.007050347966520425,0.0216308377090048,0.02347146008007184,0.006707956015659402,0.0208778303619431,1.251770257949829,0.003646043739754954,1.2529438734054563
weak_mixture,64,8,512,Tail-WR,4,131072,20.0,5,5,0.020461564986258444,0.013577899155475838,0.0170772415253025,0.01840102884473884,0.012132084278290343,0.0164046234096525,3.871816376456991,0.03205662445211974,3.850507058203221
weak_mixture,64,8,512,Tail-WR,8,8192,20.0,5,5,0.051897247260564806,0.035823527641586535,0.0373909657744398,0.04750161041486326,0.030522025431648146,0.0369164194712672,0.9963929042220115,0.02173964872469616,1.007395565509796
weak_mixture,64,8,512,U-WOR,2,8192,20.0,5,0,0.03686204905605948,0.004263442863366021,0.0390430448822596,0.0349155833559846,0.0030139511869577843,0.035036718555885,0.7233118720818311,0.02308212993467023,0.7265613880008459
weak_mixture,64,8,512,U-WOR,4,8192,10.0,5,0,0.02262780364808786,0.004667487527363293,0.0218898564379648,0.022972916972544822,0.004587362945019975,0.0228323365538519,0.7138494998216629,0.0006186892674733437,0.7136618196964264
weak_mixture,64,8,512,U-WOR,4,8192,20.0,5,0,0.051749833519790546,0.04880700293828187,0.0322336313434363,0.04856905084482946,0.04304387723787998,0.0312897619239435,0.7051696226466447,0.014464236357844192,0.699759716168046
weak_mixture,64,8,512,U-WOR,4,8192,30.0,5,0,0.023231137866868798,0.005636255900961003,0.0220923425665311,0.0234232709962478,0.005127896763041685,0.0215342492020214,0.7015746593475342,0.00853559757540462,0.6964175701141357
weak_mixture,64,8,512,U-WOR,4,32768,20.0,5,0,0.01901631389158774,0.003843487262213296,0.0191532683501913,0.01773261445551848,0.0035362712117343546,0.0188838382361193,1.2566235683858396,0.00650983242817506,1.257165513932705
weak_mixture,64,8,512,U-WOR,4,131072,20.0,5,0,0.01383509303789594,0.0028954162628593402,0.0125948814517797,0.0123325558924952,0.003020889017290984,0.0106415029072963,4.219732671231031,0.036281855028482635,4.243758276104927
weak_mixture,64,8,512,U-WOR,8,8192,20.0,5,0,0.03056475558023608,0.01084058024095038,0.0237329802730504,0.03023739439383032,0.009658388908553509,0.0244546476994301,0.7250880871899426,0.006057435303519567,0.7251096628606319
weak_mixture,64,8,512,U-WR,2,8192,20.0,5,0,0.039299186012976,0.025726487416964094,0.0308182699548245,0.036727531374393926,0.02207711267731924,0.0305806943337957,0.7277371525764466,0.010491008172611503,0.729296863079071
weak_mixture,64,8,512,U-WR,4,8192,10.0,5,0,0.02860429002717694,0.009150939866685645,0.0272085277182408,0.02832644677731206,0.007912884526600824,0.0279290021073972,0.7498413391411305,0.029866704213360212,0.7702671438455582
weak_mixture,64,8,512,U-WR,4,8192,20.0,5,0,0.07038573418610097,0.038291194678829264,0.065730070739921,0.06524584758517968,0.03458653008510959,0.0594042587756574,0.7371114656329155,0.045586999891015355,0.7129896506667137
weak_mixture,64,8,512,U-WR,4,8192,30.0,5,0,0.05110227810607637,0.032017193518284,0.0371961497071644,0.04846268913775608,0.030988066191908106,0.0339964054331287,0.7119533777236938,0.006636470944068132,0.7132966369390488
weak_mixture,64,8,512,U-WR,4,32768,20.0,5,0,0.02456764117917496,0.01235436576960094,0.0271591238299792,0.02287664028209444,0.010920479795348449,0.0249257379839185,1.0986995577812195,0.006806062867832342,1.0979261845350266
weak_mixture,64,8,512,U-WR,4,131072,20.0,5,0,0.0098105941644695,0.0020151691110165343,0.0105711340077074,0.0089149678587204,0.0014017848197023452,0.0094815840900588,3.3705858856439592,0.01255445467150467,3.3785806000232697
weak_mixture,64,8,512,U-WR,8,8192,20.0,5,0,0.0480367907534844,0.03234367247288075,0.0441913032015483,0.0451355014200236,0.029324234507789773,0.0431092504013991,0.7393861720804125,0.023229817089514482,0.7315784990787506
weak_mixture,64,8,2048,Full,4,8192,20.0,5,5,0.03327698632398769,0.017368251570997757,0.0289795152444887,0.032226167843083735,0.015155815682878264,0.0284442583996739,7.48684544712305,0.03871169734301821,7.465199127793312
weak_mixture,64,8,2048,Tail-WOR,2,8192,20.0,5,5,0.03504470613157062,0.01800235009342139,0.0312698706254371,0.03228389876673452,0.015326156763748832,0.0295039552766159,3.8338669016957283,0.09563164956264798,3.79339911788702
weak_mixture,64,8,2048,Tail-WOR,4,8192,20.0,5,5,0.03312762593706206,0.023164101974044865,0.0232140201336413,0.03263448574424406,0.02030469893266085,0.0242075222453595,3.87199747338891,0.07936063367247537,3.897259905934334
weak_mixture,64,8,2048,Tail-WOR,8,8192,20.0,5,5,0.031012977118010078,0.0070809485498327645,0.0335766443397137,0.03006666694679102,0.0057862644115238395,0.0295838212585422,3.8804833367466927,0.08715659473042259,3.8632192984223366
weak_mixture,64,8,2048,Tail-WR,2,8192,20.0,5,5,0.025842600587953464,0.011051339100718753,0.0216791756854699,0.025016038127092445,0.01061496294449722,0.0198764248977321,3.921857736026868,0.07917247680684406,3.903777720406651
weak_mixture,64,8,2048,Tail-WR,4,8192,20.0,5,5,0.023916629365522902,0.004934238695296058,0.0244868118035001,0.024128389651216938,0.004358636176135474,0.0257659927817301,3.8773506713099777,0.04664971365740982,3.8818515464663506
weak_mixture,64,8,2048,Tail-WR,8,8192,20.0,5,5,0.028623415235466583,0.003810928253296071,0.0304576220791711,0.027821105670613338,0.0033702631903517965,0.0299843715026622,3.937582014873624,0.11605226855378568,3.8889948446303606
weak_mixture,64,8,2048,U-WOR,2,8192,20.0,5,0,0.02613020497644618,0.005243250621693829,0.0265389301091524,0.02562800366428548,0.0038122710220986427,0.0255610741636877,2.7794333525002,0.031287229729070186,2.777875632047653
weak_mixture,64,8,2048,U-WOR,4,8192,20.0,5,0,0.03622156464264982,0.011746947560215087,0.0322172704893449,0.03491002667459546,0.010570731908826821,0.0314238470585336,2.8413858668878675,0.09984978961005808,2.77632699906826
weak_mixture,64,8,2048,U-WOR,8,8192,20.0,5,0,0.02343333947696568,0.007588630823560268,0.022885301074126,0.02295449451729358,0.006491744009947553,0.0221491483627009,2.877910639392212,0.04226463053966344,2.856725312769413
weak_mixture,64,8,2048,U-WR,2,8192,20.0,5,0,0.026685579939438896,0.00867121360217065,0.0247526090603271,0.02660821154471546,0.0089167244201786,0.0235161525712197,2.8619944140315057,0.05053957897423721,2.8439877070486546
weak_mixture,64,8,2048,U-WR,4,8192,20.0,5,0,0.03066092600145936,0.010316478063406704,0.0284515560282432,0.0313298889649619,0.01026602635112804,0.0293110897108603,2.871621135622263,0.04188931330193856,2.8832357674837112
weak_mixture,64,8,2048,U-WR,8,8192,20.0,5,0,0.022422903756112778,0.006542635965482675,0.0211388195920893,0.022804638323192183,0.005686118464508804,0.0213550803597407,2.8897312387824057,0.0462982112335509,2.886671669781208
