family,groups,dimension,steps,batch,finite_normalizer,failure_step,coordinate_terminal_variance
gaussian,16,1,128,2,False,103,
gaussian,16,1,128,3,False,104,
gaussian,16,1,128,4,False,104,
gaussian,16,1,128,5,False,105,
gaussian,16,1,128,6,False,106,
gaussian,16,1,128,7,False,107,
gaussian,16,1,128,8,False,109,
gaussian,16,1,128,9,False,110,
gaussian,16,1,128,10,False,113,
gaussian,16,1,128,11,False,116,
gaussian,16,1,128,12,False,122,
gaussian,16,1,128,13,True,0,[0.07154534967533947]
gaussian,16,1,128,14,True,0,[0.06190526798799212]
gaussian,16,1,128,15,True,0,[0.05917860997380127]
gaussian,16,1,128,16,True,0,[0.05673660676282142]
gaussian,16,1,512,2,False,420,
gaussian,16,1,512,3,False,421,
gaussian,16,1,512,4,False,424,
gaussian,16,1,512,5,False,427,
gaussian,16,1,512,6,False,432,
gaussian,16,1,512,7,False,437,
gaussian,16,1,512,8,False,445,
gaussian,16,1,512,9,False,453,
gaussian,16,1,512,10,False,468,
gaussian,16,1,512,11,False,487,
gaussian,16,1,512,12,True,0,[0.07699732225062321]
gaussian,16,1,512,13,True,0,[0.06326252569036087]
gaussian,16,1,512,14,True,0,[0.05963249648341231]
gaussian,16,1,512,15,True,0,[0.05697368613408696]
gaussian,16,1,512,16,True,0,[0.05459255415241707]
gaussian,16,1,2048,2,False,1686,
gaussian,16,1,2048,3,False,1689,
gaussian,16,1,2048,4,False,1705,
gaussian,16,1,2048,5,False,1714,
gaussian,16,1,2048,6,False,1738,
gaussian,16,1,2048,7,False,1757,
gaussian,16,1,2048,8,False,1793,
gaussian,16,1,2048,9,False,1826,
gaussian,16,1,2048,10,False,1888,
gaussian,16,1,2048,11,False,1981,
gaussian,16,1,2048,12,True,0,[0.07182054816023928]
gaussian,16,1,2048,13,True,0,[0.06254304714545483]
gaussian,16,1,2048,14,True,0,[0.05909578266362318]
gaussian,16,1,2048,15,True,0,[0.05645401722231351]
gaussian,16,1,2048,16,True,0,[0.054088247922558876]
gaussian,16,8,128,2,False,103,
gaussian,16,8,128,3,False,104,
gaussian,16,8,128,4,False,104,
gaussian,16,8,128,5,False,105,
gaussian,16,8,128,6,False,106,
gaussian,16,8,128,7,False,107,
gaussian,16,8,128,8,False,108,
gaussian,16,8,128,9,False,110,
gaussian,16,8,128,10,False,113,
gaussian,16,8,128,11,False,116,
gaussian,16,8,128,12,False,122,
gaussian,16,8,128,13,True,0,"[0.07154534967533947, 0.07069330458647008, 0.07111650946994136, 0.07146738800143519, 0.07014709715732534, 0.07140080352398512, 0.07123666348207881, 0.0705079591503709]"
gaussian,16,8,128,14,True,0,"[0.06190526798799212, 0.06207695947771395, 0.06204660461385646, 0.061976743013698946, 0.062089304095542364, 0.06199850295493587, 0.0620311436621391, 0.062083540496191816]"
gaussian,16,8,128,15,True,0,"[0.05917860997380127, 0.05913334886991821, 0.05915618063718908, 0.05917458374415638, 0.059102800488811044, 0.05917112720312077, 0.059162535199384386, 0.059123122608182366]"
gaussian,16,8,128,16,True,0,"[0.05673660676282142, 0.05673660676285025, 0.05673660676283959, 0.056736606762825346, 0.05673660676285558, 0.056736606762828455, 0.05673660676283529, 0.05673660676285298]"
gaussian,16,8,512,2,False,419,
gaussian,16,8,512,3,False,421,
gaussian,16,8,512,4,False,423,
gaussian,16,8,512,5,False,427,
gaussian,16,8,512,6,False,431,
gaussian,16,8,512,7,False,437,
gaussian,16,8,512,8,False,444,
gaussian,16,8,512,9,False,453,
gaussian,16,8,512,10,False,466,
gaussian,16,8,512,11,False,487,
gaussian,16,8,512,12,True,0,"[0.07699732225062321, 0.08016707752715684, 0.07955323277049083, 0.07824389904282593, 0.08042259426252371, 0.07864338056019606, 0.07925640283035425, 0.08030289927943596]"
gaussian,16,8,512,13,True,0,"[0.06326252569036087, 0.06305455883720935, 0.06315853439659169, 0.06324360495657973, 0.06291850037595927, 0.06322737266047752, 0.06318776908908136, 0.06300857226015417]"
gaussian,16,8,512,14,True,0,"[0.05963249648341231, 0.05980036200140023, 0.059770742556871446, 0.05970247777844278, 0.05981240767576697, 0.05972378426771347, 0.05975565636436996, 0.059806783640948935]"
gaussian,16,8,512,15,True,0,"[0.05697368613408696, 0.0569293683632657, 0.05695172353936984, 0.05696974358232904, 0.05689945998016434, 0.05696635891612062, 0.05695794572096509, 0.056919356047787195]"
gaussian,16,8,512,16,True,0,"[0.05459255415241707, 0.054592554152447716, 0.054592554152436426, 0.05459255415242129, 0.05459255415245337, 0.05459255415242456, 0.05459255415243191, 0.054592554152450685]"
gaussian,16,8,2048,2,False,1682,
gaussian,16,8,2048,3,False,1689,
gaussian,16,8,2048,4,False,1700,
gaussian,16,8,2048,5,False,1714,
gaussian,16,8,2048,6,False,1733,
gaussian,16,8,2048,7,False,1757,
gaussian,16,8,2048,8,False,1787,
gaussian,16,8,2048,9,False,1826,
gaussian,16,8,2048,10,False,1881,
gaussian,16,8,2048,11,False,1981,
gaussian,16,8,2048,12,True,0,"[0.07182054816023928, 0.07372563188447381, 0.07336796278130898, 0.07257984345160363, 0.0738741604320077, 0.07282051087218655, 0.07318961940838128, 0.07380456403789004]"
gaussian,16,8,2048,13,True,0,"[0.06254304714545483, 0.06237243352737614, 0.062457752988949636, 0.06252762583381949, 0.06226060948076849, 0.06251442495423819, 0.062481768836918875, 0.06233470640493636]"
gaussian,16,8,2048,14,True,0,"[0.05909578266362318, 0.059262780394357326, 0.05923331333306859, 0.05916540095601202, 0.05927476418727065, 0.059186597275628826, 0.05921830487552078, 0.059269169037967466]"
gaussian,16,8,2048,15,True,0,"[0.05645401722231351, 0.05640992993540364, 0.056432168653373076, 0.05645009511131875, 0.05638017798112689, 0.0564467280032876, 0.05643835849159398, 0.056399969907612015]"
gaussian,16,8,2048,16,True,0,"[0.054088247922558876, 0.05408824792259012, 0.05408824792257843, 0.054088247922563115, 0.054088247922595714, 0.05408824792256652, 0.054088247922573794, 0.05408824792259301]"
gaussian,64,1,128,2,False,87,
gaussian,64,1,128,3,False,87,
gaussian,64,1,128,4,False,87,
gaussian,64,1,128,5,False,87,
gaussian,64,1,128,6,False,87,
gaussian,64,1,128,7,False,87,
gaussian,64,1,128,8,False,87,
gaussian,64,1,128,9,False,88,
gaussian,64,1,128,10,False,88,
gaussian,64,1,128,11,False,88,
gaussian,64,1,128,12,False,88,
gaussian,64,1,128,13,False,88,
gaussian,64,1,128,14,False,88,
gaussian,64,1,128,15,False,88,
gaussian,64,1,128,16,False,88,
gaussian,64,1,128,17,False,88,
gaussian,64,1,128,18,False,88,
gaussian,64,1,128,19,False,88,
gaussian,64,1,128,20,False,89,
gaussian,64,1,128,21,False,89,
gaussian,64,1,128,22,False,89,
gaussian,64,1,128,23,False,89,
gaussian,64,1,128,24,False,89,
gaussian,64,1,128,25,False,89,
gaussian,64,1,128,26,False,89,
gaussian,64,1,128,27,False,90,
gaussian,64,1,128,28,False,90,
gaussian,64,1,128,29,False,90,
gaussian,64,1,128,30,False,90,
gaussian,64,1,128,31,False,90,
gaussian,64,1,128,32,False,91,
gaussian,64,1,128,33,False,91,
gaussian,64,1,128,34,False,91,
gaussian,64,1,128,35,False,91,
gaussian,64,1,128,36,False,92,
gaussian,64,1,128,37,False,92,
gaussian,64,1,128,38,False,92,
gaussian,64,1,128,39,False,92,
gaussian,64,1,128,40,False,93,
gaussian,64,1,128,41,False,93,
gaussian,64,1,128,42,False,93,
gaussian,64,1,128,43,False,94,
gaussian,64,1,128,44,False,94,
gaussian,64,1,128,45,False,94,
gaussian,64,1,128,46,False,95,
gaussian,64,1,128,47,False,95,
gaussian,64,1,128,48,False,95,
gaussian,64,1,128,49,False,96,
gaussian,64,1,128,50,False,96,
gaussian,64,1,128,51,False,96,
gaussian,64,1,128,52,False,97,
gaussian,64,1,128,53,False,97,
gaussian,64,1,128,54,False,97,
gaussian,64,1,128,55,False,98,
gaussian,64,1,128,56,False,98,
gaussian,64,1,128,57,False,99,
gaussian,64,1,128,58,False,99,
gaussian,64,1,128,59,False,99,
gaussian,64,1,128,60,False,99,
gaussian,64,1,128,61,False,100,
gaussian,64,1,128,62,False,100,
gaussian,64,1,128,63,False,100,
gaussian,64,1,128,64,False,100,
gaussian,64,1,512,2,False,357,
gaussian,64,1,512,3,False,357,
gaussian,64,1,512,4,False,357,
gaussian,64,1,512,5,False,357,
gaussian,64,1,512,6,False,357,
gaussian,64,1,512,7,False,357,
gaussian,64,1,512,8,False,358,
gaussian,64,1,512,9,False,358,
gaussian,64,1,512,10,False,358,
gaussian,64,1,512,11,False,358,
gaussian,64,1,512,12,False,359,
gaussian,64,1,512,13,False,359,
gaussian,64,1,512,14,False,360,
gaussian,64,1,512,15,False,360,
gaussian,64,1,512,16,False,361,
gaussian,64,1,512,17,False,361,
gaussian,64,1,512,18,False,362,
gaussian,64,1,512,19,False,362,
gaussian,64,1,512,20,False,363,
gaussian,64,1,512,21,False,364,
gaussian,64,1,512,22,False,365,
gaussian,64,1,512,23,False,365,
gaussian,64,1,512,24,False,366,
gaussian,64,1,512,25,False,367,
gaussian,64,1,512,26,False,368,
gaussian,64,1,512,27,False,369,
gaussian,64,1,512,28,False,370,
gaussian,64,1,512,29,False,371,
gaussian,64,1,512,30,False,372,
gaussian,64,1,512,31,False,374,
gaussian,64,1,512,32,False,375,
gaussian,64,1,512,33,False,376,
gaussian,64,1,512,34,False,378,
gaussian,64,1,512,35,False,379,
gaussian,64,1,512,36,False,381,
gaussian,64,1,512,37,False,382,
gaussian,64,1,512,38,False,384,
gaussian,64,1,512,39,False,386,
gaussian,64,1,512,40,False,388,
gaussian,64,1,512,41,False,389,
gaussian,64,1,512,42,False,392,
gaussian,64,1,512,43,False,394,
gaussian,64,1,512,44,False,396,
gaussian,64,1,512,45,False,399,
gaussian,64,1,512,46,False,401,
gaussian,64,1,512,47,False,404,
gaussian,64,1,512,48,False,407,
gaussian,64,1,512,49,False,410,
gaussian,64,1,512,50,False,414,
gaussian,64,1,512,51,False,417,
gaussian,64,1,512,52,False,422,
gaussian,64,1,512,53,False,426,
gaussian,64,1,512,54,False,431,
gaussian,64,1,512,55,False,437,
gaussian,64,1,512,56,False,444,
gaussian,64,1,512,57,False,452,
gaussian,64,1,512,58,False,462,
gaussian,64,1,512,59,False,478,
gaussian,64,1,512,60,True,0,[0.018006294400375936]
gaussian,64,1,512,61,True,0,[0.014843738611903932]
gaussian,64,1,512,62,True,0,[0.01453819999827423]
gaussian,64,1,512,63,True,0,[0.014382247529766723]
gaussian,64,1,512,64,True,0,[0.014233574818721787]
gaussian,64,1,2048,2,False,1434,
gaussian,64,1,2048,3,False,1434,
gaussian,64,1,2048,4,False,1434,
gaussian,64,1,2048,5,False,1435,
gaussian,64,1,2048,6,False,1436,
gaussian,64,1,2048,7,False,1436,
gaussian,64,1,2048,8,False,1438,
gaussian,64,1,2048,9,False,1439,
gaussian,64,1,2048,10,False,1440,
gaussian,64,1,2048,11,False,1441,
gaussian,64,1,2048,12,False,1443,
gaussian,64,1,2048,13,False,1445,
gaussian,64,1,2048,14,False,1447,
gaussian,64,1,2048,15,False,1449,
gaussian,64,1,2048,16,False,1451,
gaussian,64,1,2048,17,False,1453,
gaussian,64,1,2048,18,False,1456,
gaussian,64,1,2048,19,False,1459,
gaussian,64,1,2048,20,False,1462,
gaussian,64,1,2048,21,False,1465,
gaussian,64,1,2048,22,False,1468,
gaussian,64,1,2048,23,False,1471,
gaussian,64,1,2048,24,False,1475,
gaussian,64,1,2048,25,False,1479,
gaussian,64,1,2048,26,False,1483,
gaussian,64,1,2048,27,False,1487,
gaussian,64,1,2048,28,False,1492,
gaussian,64,1,2048,29,False,1496,
gaussian,64,1,2048,30,False,1501,
gaussian,64,1,2048,31,False,1506,
gaussian,64,1,2048,32,False,1512,
gaussian,64,1,2048,33,False,1517,
gaussian,64,1,2048,34,False,1524,
gaussian,64,1,2048,35,False,1530,
gaussian,64,1,2048,36,False,1537,
gaussian,64,1,2048,37,False,1544,
gaussian,64,1,2048,38,False,1551,
gaussian,64,1,2048,39,False,1559,
gaussian,64,1,2048,40,False,1567,
gaussian,64,1,2048,41,False,1576,
gaussian,64,1,2048,42,False,1586,
gaussian,64,1,2048,43,False,1595,
gaussian,64,1,2048,44,False,1606,
gaussian,64,1,2048,45,False,1617,
gaussian,64,1,2048,46,False,1629,
gaussian,64,1,2048,47,False,1642,
gaussian,64,1,2048,48,False,1656,
gaussian,64,1,2048,49,False,1670,
gaussian,64,1,2048,50,False,1687,
gaussian,64,1,2048,51,False,1704,
gaussian,64,1,2048,52,False,1724,
gaussian,64,1,2048,53,False,1746,
gaussian,64,1,2048,54,False,1772,
gaussian,64,1,2048,55,False,1801,
gaussian,64,1,2048,56,False,1837,
gaussian,64,1,2048,57,False,1882,
gaussian,64,1,2048,58,False,1955,
gaussian,64,1,2048,59,True,0,[0.01686683714480631]
gaussian,64,1,2048,60,True,0,[0.014893870951247489]
gaussian,64,1,2048,61,True,0,[0.01456042858590475]
gaussian,64,1,2048,62,True,0,[0.014396270822789277]
gaussian,64,1,2048,63,True,0,[0.014241260636126846]
gaussian,64,1,2048,64,True,0,[0.014093472454395954]
gaussian,64,8,128,2,False,87,
gaussian,64,8,128,3,False,87,
gaussian,64,8,128,4,False,87,
gaussian,64,8,128,5,False,87,
gaussian,64,8,128,6,False,87,
gaussian,64,8,128,7,False,87,
gaussian,64,8,128,8,False,87,
gaussian,64,8,128,9,False,88,
gaussian,64,8,128,10,False,88,
gaussian,64,8,128,11,False,88,
gaussian,64,8,128,12,False,88,
gaussian,64,8,128,13,False,88,
gaussian,64,8,128,14,False,88,
gaussian,64,8,128,15,False,88,
gaussian,64,8,128,16,False,88,
gaussian,64,8,128,17,False,88,
gaussian,64,8,128,18,False,88,
gaussian,64,8,128,19,False,88,
gaussian,64,8,128,20,False,89,
gaussian,64,8,128,21,False,89,
gaussian,64,8,128,22,False,89,
gaussian,64,8,128,23,False,89,
gaussian,64,8,128,24,False,89,
gaussian,64,8,128,25,False,89,
gaussian,64,8,128,26,False,89,
gaussian,64,8,128,27,False,90,
gaussian,64,8,128,28,False,90,
gaussian,64,8,128,29,False,90,
gaussian,64,8,128,30,False,90,
gaussian,64,8,128,31,False,90,
gaussian,64,8,128,32,False,91,
gaussian,64,8,128,33,False,91,
gaussian,64,8,128,34,False,91,
gaussian,64,8,128,35,False,91,
gaussian,64,8,128,36,False,92,
gaussian,64,8,128,37,False,92,
gaussian,64,8,128,38,False,92,
gaussian,64,8,128,39,False,92,
gaussian,64,8,128,40,False,93,
gaussian,64,8,128,41,False,93,
gaussian,64,8,128,42,False,93,
gaussian,64,8,128,43,False,94,
gaussian,64,8,128,44,False,94,
gaussian,64,8,128,45,False,94,
gaussian,64,8,128,46,False,95,
gaussian,64,8,128,47,False,95,
gaussian,64,8,128,48,False,95,
gaussian,64,8,128,49,False,96,
gaussian,64,8,128,50,False,96,
gaussian,64,8,128,51,False,96,
gaussian,64,8,128,52,False,97,
gaussian,64,8,128,53,False,97,
gaussian,64,8,128,54,False,97,
gaussian,64,8,128,55,False,98,
gaussian,64,8,128,56,False,98,
gaussian,64,8,128,57,False,99,
gaussian,64,8,128,58,False,99,
gaussian,64,8,128,59,False,99,
gaussian,64,8,128,60,False,99,
gaussian,64,8,128,61,False,100,
gaussian,64,8,128,62,False,100,
gaussian,64,8,128,63,False,100,
gaussian,64,8,128,64,False,100,
gaussian,64,8,512,2,False,357,
gaussian,64,8,512,3,False,357,
gaussian,64,8,512,4,False,357,
gaussian,64,8,512,5,False,357,
gaussian,64,8,512,6,False,357,
gaussian,64,8,512,7,False,357,
gaussian,64,8,512,8,False,357,
gaussian,64,8,512,9,False,358,
gaussian,64,8,512,10,False,358,
gaussian,64,8,512,11,False,358,
gaussian,64,8,512,12,False,359,
gaussian,64,8,512,13,False,359,
gaussian,64,8,512,14,False,360,
gaussian,64,8,512,15,False,360,
gaussian,64,8,512,16,False,361,
gaussian,64,8,512,17,False,361,
gaussian,64,8,512,18,False,362,
gaussian,64,8,512,19,False,362,
gaussian,64,8,512,20,False,363,
gaussian,64,8,512,21,False,364,
gaussian,64,8,512,22,False,365,
gaussian,64,8,512,23,False,365,
gaussian,64,8,512,24,False,366,
gaussian,64,8,512,25,False,367,
gaussian,64,8,512,26,False,368,
gaussian,64,8,512,27,False,369,
gaussian,64,8,512,28,False,370,
gaussian,64,8,512,29,False,371,
gaussian,64,8,512,30,False,372,
gaussian,64,8,512,31,False,374,
gaussian,64,8,512,32,False,375,
gaussian,64,8,512,33,False,376,
gaussian,64,8,512,34,False,378,
gaussian,64,8,512,35,False,379,
gaussian,64,8,512,36,False,381,
gaussian,64,8,512,37,False,382,
gaussian,64,8,512,38,False,384,
gaussian,64,8,512,39,False,386,
gaussian,64,8,512,40,False,387,
gaussian,64,8,512,41,False,389,
gaussian,64,8,512,42,False,392,
gaussian,64,8,512,43,False,394,
gaussian,64,8,512,44,False,396,
gaussian,64,8,512,45,False,399,
gaussian,64,8,512,46,False,401,
gaussian,64,8,512,47,False,404,
gaussian,64,8,512,48,False,407,
gaussian,64,8,512,49,False,410,
gaussian,64,8,512,50,False,414,
gaussian,64,8,512,51,False,417,
gaussian,64,8,512,52,False,422,
gaussian,64,8,512,53,False,426,
gaussian,64,8,512,54,False,431,
gaussian,64,8,512,55,False,437,
gaussian,64,8,512,56,False,444,
gaussian,64,8,512,57,False,452,
gaussian,64,8,512,58,False,462,
gaussian,64,8,512,59,False,478,
gaussian,64,8,512,60,True,0,"[0.018006294400375936, 0.01807634283775972, 0.018063953829843785, 0.018035448206566582, 0.018081384811521856, 0.01804433813281773, 0.018057648507715955, 0.018079030492764693]"
gaussian,64,8,512,61,True,0,"[0.014843738611903932, 0.01484229909565003, 0.014843027347623942, 0.014843611236095757, 0.014841317973336484, 0.01484350177827046, 0.01484322927537872, 0.014841971521389568]"
gaussian,64,8,512,62,True,0,"[0.01453819999827423, 0.014538790417834395, 0.014538687268473946, 0.014538447867644178, 0.01453883224240732, 0.014538522839795074, 0.014538634563165736, 0.014538812723751663]"
gaussian,64,8,512,63,True,0,"[0.014382247529766723, 0.014382080353117657, 0.014382164962528244, 0.01438223274829628, 0.014381966252437423, 0.014382220044405846, 0.014382188410225212, 0.014382042271874812]"
gaussian,64,8,512,64,True,0,"[0.014233574818721787, 0.01423357481872177, 0.014233574818721778, 0.014233574818721806, 0.014233574818721804, 0.014233574818721794, 0.014233574818721787, 0.01423357481872177]"
gaussian,64,8,2048,2,False,1433,
gaussian,64,8,2048,3,False,1434,
gaussian,64,8,2048,4,False,1434,
gaussian,64,8,2048,5,False,1435,
gaussian,64,8,2048,6,False,1436,
gaussian,64,8,2048,7,False,1436,
gaussian,64,8,2048,8,False,1437,
gaussian,64,8,2048,9,False,1439,
gaussian,64,8,2048,10,False,1440,
gaussian,64,8,2048,11,False,1441,
gaussian,64,8,2048,12,False,1443,
gaussian,64,8,2048,13,False,1445,
gaussian,64,8,2048,14,False,1447,
gaussian,64,8,2048,15,False,1449,
gaussian,64,8,2048,16,False,1451,
gaussian,64,8,2048,17,False,1453,
gaussian,64,8,2048,18,False,1456,
gaussian,64,8,2048,19,False,1459,
gaussian,64,8,2048,20,False,1461,
gaussian,64,8,2048,21,False,1465,
gaussian,64,8,2048,22,False,1468,
gaussian,64,8,2048,23,False,1471,
gaussian,64,8,2048,24,False,1475,
gaussian,64,8,2048,25,False,1479,
gaussian,64,8,2048,26,False,1483,
gaussian,64,8,2048,27,False,1487,
gaussian,64,8,2048,28,False,1491,
gaussian,64,8,2048,29,False,1496,
gaussian,64,8,2048,30,False,1501,
gaussian,64,8,2048,31,False,1506,
gaussian,64,8,2048,32,False,1512,
gaussian,64,8,2048,33,False,1517,
gaussian,64,8,2048,34,False,1524,
gaussian,64,8,2048,35,False,1530,
gaussian,64,8,2048,36,False,1537,
gaussian,64,8,2048,37,False,1544,
gaussian,64,8,2048,38,False,1551,
gaussian,64,8,2048,39,False,1559,
gaussian,64,8,2048,40,False,1567,
gaussian,64,8,2048,41,False,1576,
gaussian,64,8,2048,42,False,1585,
gaussian,64,8,2048,43,False,1595,
gaussian,64,8,2048,44,False,1606,
gaussian,64,8,2048,45,False,1617,
gaussian,64,8,2048,46,False,1629,
gaussian,64,8,2048,47,False,1642,
gaussian,64,8,2048,48,False,1655,
gaussian,64,8,2048,49,False,1670,
gaussian,64,8,2048,50,False,1686,
gaussian,64,8,2048,51,False,1704,
gaussian,64,8,2048,52,False,1724,
gaussian,64,8,2048,53,False,1746,
gaussian,64,8,2048,54,False,1771,
gaussian,64,8,2048,55,False,1801,
gaussian,64,8,2048,56,False,1836,
gaussian,64,8,2048,57,False,1882,
gaussian,64,8,2048,58,False,1955,
gaussian,64,8,2048,59,True,0,"[0.01686683714480631, 0.01684740178696369, 0.016857181259003227, 0.01686510289695932, 0.016834291195295715, 0.016863613635978547, 0.016859910145762914, 0.01684301623941455]"
gaussian,64,8,2048,60,True,0,"[0.014893870951247489, 0.014897239092273584, 0.014896649792699154, 0.014895283273702745, 0.014897478127427125, 0.014895711041199865, 0.014896348803285402, 0.014897366568357192]"
gaussian,64,8,2048,61,True,0,"[0.01456042858590475, 0.014559892849462155, 0.014560163986848331, 0.014560381216040195, 0.014559527214830548, 0.014560340504303193, 0.014560239127898437, 0.01455977081720077]"
gaussian,64,8,2048,62,True,0,"[0.014396270822789277, 0.014396857713748854, 0.014396755180725975, 0.014396517210570533, 0.01439689928842718, 0.014396591734651942, 0.014396702790363102, 0.014396879886391023]"
gaussian,64,8,2048,63,True,0,"[0.014241260636126846, 0.014241094453428884, 0.014241178559756096, 0.014241245942527925, 0.01424098103130581, 0.01424123331416025, 0.014241201868047575, 0.014241056598639975]"
gaussian,64,8,2048,64,True,0,"[0.014093472454395954, 0.01409347245439594, 0.014093472454395958, 0.014093472454395944, 0.01409347245439594, 0.014093472454395921, 0.01409347245439594, 0.01409347245439595]"
weak_mixture,16,1,128,2,False,127,
weak_mixture,16,1,128,3,True,0,[3.320034947505145]
weak_mixture,16,1,128,4,True,0,[0.5967095333857558]
weak_mixture,16,1,128,5,True,0,[0.4553132150459375]
weak_mixture,16,1,128,6,True,0,[0.34015202555384483]
weak_mixture,16,1,128,7,True,0,[0.30617832163614567]
weak_mixture,16,1,128,8,True,0,[0.27763385917291783]
weak_mixture,16,1,128,9,True,0,[0.26602749705704265]
weak_mixture,16,1,128,10,True,0,[0.2538015368781062]
weak_mixture,16,1,128,11,True,0,[0.2447046725478783]
weak_mixture,16,1,128,12,True,0,[0.23471756445461497]
weak_mixture,16,1,128,13,True,0,[0.22693998854249237]
weak_mixture,16,1,128,14,True,0,[0.21925856222502568]
weak_mixture,16,1,128,15,True,0,[0.21303753639419373]
weak_mixture,16,1,128,16,True,0,[0.2074995974121395]
weak_mixture,16,1,512,2,True,0,[0.8307339434965572]
weak_mixture,16,1,512,3,True,0,[0.6965503738627468]
weak_mixture,16,1,512,4,True,0,[0.4339069210244173]
weak_mixture,16,1,512,5,True,0,[0.3757341152209932]
weak_mixture,16,1,512,6,True,0,[0.312025986548624]
weak_mixture,16,1,512,7,True,0,[0.2894430082341005]
weak_mixture,16,1,512,8,True,0,[0.268918910017381]
weak_mixture,16,1,512,9,True,0,[0.25921699654353497]
weak_mixture,16,1,512,10,True,0,[0.24721801138125749]
weak_mixture,16,1,512,11,True,0,[0.23829560187934315]
weak_mixture,16,1,512,12,True,0,[0.22850104768398366]
weak_mixture,16,1,512,13,True,0,[0.2208774841876831]
weak_mixture,16,1,512,14,True,0,[0.21334938894517097]
weak_mixture,16,1,512,15,True,0,[0.20725511089141138]
weak_mixture,16,1,512,16,True,0,[0.20183132226022085]
weak_mixture,16,1,2048,2,True,0,[0.7036846739363306]
weak_mixture,16,1,2048,3,True,0,[0.6136918456160584]
weak_mixture,16,1,2048,4,True,0,[0.41298667248800985]
weak_mixture,16,1,2048,5,True,0,[0.36345812179187703]
weak_mixture,16,1,2048,6,True,0,[0.3068083297798891]
weak_mixture,16,1,2048,7,True,0,[0.28613183809349635]
weak_mixture,16,1,2048,8,True,0,[0.2671210879173324]
weak_mixture,16,1,2048,9,True,0,[0.25755756124452744]
weak_mixture,16,1,2048,10,True,0,[0.24561489716280757]
weak_mixture,16,1,2048,11,True,0,[0.23673577332487655]
weak_mixture,16,1,2048,12,True,0,[0.22698897843236313]
weak_mixture,16,1,2048,13,True,0,[0.21940361206127085]
weak_mixture,16,1,2048,14,True,0,[0.21191353706795385]
weak_mixture,16,1,2048,15,True,0,[0.2058506854813006]
weak_mixture,16,1,2048,16,True,0,[0.20045519680292978]
weak_mixture,16,8,128,2,False,124,
weak_mixture,16,8,128,3,True,0,"[3.320034947505145, 1.6967007481905316, 2.2389636904418158, 3.0515736512715077, 1.2945687949372267, 2.8546121533984197, 2.4632548191718207, 1.53456663717572]"
weak_mixture,16,8,128,4,True,0,"[0.5967095333857558, 0.7247474763811613, 0.6974119264351409, 0.6428942875242558, 0.736614577615845, 0.6587772045830401, 0.684412580557596, 0.7310168172514827]"
weak_mixture,16,8,128,5,True,0,"[0.4553132150459375, 0.4333416906592985, 0.4440560883213985, 0.45323577377730245, 0.42006039029739173, 0.45147251502062896, 0.4471686150686607, 0.42876752005108193]"
weak_mixture,16,8,128,6,True,0,"[0.34015202555384483, 0.3528652446776238, 0.35052332467414005, 0.3452902654691053, 0.35383042865486036, 0.3468995290364275, 0.34934736884736306, 0.3533788624668175]"
weak_mixture,16,8,128,7,True,0,"[0.30617832163614567, 0.30269880829005696, 0.30444006789071637, 0.30586424498000003, 0.3004124578842818, 0.30559532650705007, 0.30492972912244093, 0.3019279628308437]"
weak_mixture,16,8,128,8,True,0,"[0.27763385917291783, 0.28026606585309993, 0.27979774935682283, 0.27872614954334046, 0.2804728937281973, 0.2790599637678679, 0.2795604103145905, 0.2803762925407645]"
weak_mixture,16,8,128,9,True,0,"[0.26602749705704265, 0.26519900269959484, 0.26561733575717567, 0.26595392826497016, 0.26463799605524047, 0.2658907487520478, 0.2657336207253196, 0.2650113664276206]"
weak_mixture,16,8,128,10,True,0,"[0.2538015368781062, 0.2548889421252836, 0.25469788463610504, 0.25425622672268977, 0.25496654272409003, 0.2543942735132046, 0.2546004393489394, 0.2549303186958708]"
weak_mixture,16,8,128,11,True,0,"[0.2447046725478783, 0.24422450347560712, 0.24446710453691914, 0.24466208244445198, 0.24389868629142245, 0.24462549938910386, 0.244534487072461, 0.24411559030469715]"
weak_mixture,16,8,128,12,True,0,"[0.23471756445461497, 0.235301282032211, 0.23519888558247184, 0.23496191524016416, 0.23534285194850832, 0.2350360237467575, 0.2351466334843772, 0.23532344849732137]"
weak_mixture,16,8,128,13,True,0,"[0.22693998854249237, 0.2267095923510488, 0.22682605694590074, 0.2269195719030894, 0.22655298854227213, 0.22690203193171066, 0.22685838363596061, 0.22665726755805649]"
weak_mixture,16,8,128,14,True,0,"[0.21925856222502568, 0.21949133708202423, 0.2194505552945311, 0.21935609173044085, 0.21950788698919999, 0.21938564632944346, 0.21942973617778969, 0.21950016249589782]"
weak_mixture,16,8,128,15,True,0,"[0.21303753639419373, 0.21297646029243683, 0.21300734614749503, 0.2130321280110466, 0.21293489076946434, 0.21302748105465022, 0.21301591465643702, 0.21296257596773738]"
weak_mixture,16,8,128,16,True,0,"[0.2074995974121395, 0.20749959741213952, 0.20749959741213955, 0.20749959741213955, 0.20749959741213955, 0.20749959741213944, 0.20749959741213952, 0.20749959741213955]"
weak_mixture,16,8,512,2,True,0,"[0.8307339434965572, 1.218390635186939, 1.1211486562100452, 0.9520125353251979, 1.2645312488117801, 0.9983858594421057, 1.078163194370457, 1.2425189571432185]"
weak_mixture,16,8,512,3,True,0,"[0.6965503738627468, 0.6205450331251549, 0.655825606352592, 0.6887966783473654, 0.5801314941408077, 0.6823023368154454, 0.6667756411968782, 0.6062610298105208]"
weak_mixture,16,8,512,4,True,0,"[0.4339069210244173, 0.4750989296439717, 0.46692984011879785, 0.4497126192136281, 0.47852849304435013, 0.4548578938755373, 0.4629072868538126, 0.47691931852292385]"
weak_mixture,16,8,512,5,True,0,"[0.3757341152209932, 0.3648798285665056, 0.37022565261979584, 0.3747086428438559, 0.3582031677822236, 0.3738458743948131, 0.37175283376112367, 0.3625887686564544]"
weak_mixture,16,8,512,6,True,0,"[0.312025986548624, 0.3201913941578756, 0.31866483615243574, 0.31530613928433854, 0.32081800157854146, 0.3163439125476864, 0.31791391271332997, 0.32052502387779563]"
weak_mixture,16,8,512,7,True,0,"[0.2894430082341005, 0.28701262790188675, 0.28822339447746015, 0.289220846400305, 0.2854469073284151, 0.28903044301295516, 0.28856343159301445, 0.2864847549020135]"
weak_mixture,16,8,512,8,True,0,"[0.268918910017381, 0.2708905498440663, 0.27053261839086756, 0.269724280609521, 0.2710372745664455, 0.2699737712133839, 0.2703515623446924, 0.2709687666988016]"
weak_mixture,16,8,512,9,True,0,"[0.25921699654353497, 0.2584029436119534, 0.25881397895545843, 0.25914470825272656, 0.2578517420938475, 0.2590826287016, 0.2589282374561657, 0.25821858443739903]"
weak_mixture,16,8,512,10,True,0,"[0.24721801138125749, 0.24828616763900696, 0.2480984855739635, 0.24766464127633542, 0.24836239807053978, 0.24780024418164193, 0.24800276294697685, 0.24832681357958689]"
weak_mixture,16,8,512,11,True,0,"[0.23829560187934315, 0.23782404287138362, 0.23806229115156974, 0.2382537746240014, 0.2375040799765917, 0.23821784695402184, 0.23812846565163698, 0.2377170855786633]"
weak_mixture,16,8,512,12,True,0,"[0.22850104768398366, 0.229074136956318, 0.228973602206016, 0.22874094474572879, 0.22911495140952293, 0.22881370380193514, 0.22892230056612153, 0.2290959005594959]"
weak_mixture,16,8,512,13,True,0,"[0.2208774841876831, 0.22065134005019124, 0.22076565429858275, 0.22085744403998853, 0.2204976307475283, 0.2208402275607549, 0.22079738446696628, 0.22059998198665942]"
weak_mixture,16,8,512,14,True,0,"[0.21334938894517097, 0.21357780098209644, 0.21353778275526158, 0.2134450891428299, 0.21359404112078342, 0.21347408978546237, 0.21351735356727405, 0.2135864612016808]"
weak_mixture,16,8,512,15,True,0,"[0.20725511089141138, 0.207195196091158, 0.20722549450362512, 0.20724980528561499, 0.20715441778929286, 0.2072452466458695, 0.2072339001060832, 0.20718157596259548]"
weak_mixture,16,8,512,16,True,0,"[0.20183132226022085, 0.20183132226022085, 0.20183132226022085, 0.20183132226022085, 0.20183132226022085, 0.20183132226022085, 0.20183132226022085, 0.20183132226022077]"
weak_mixture,16,8,2048,2,True,0,"[0.7036846739363306, 0.9273506652483531, 0.8756136548723126, 0.7791407728340257, 0.9506134702772518, 0.806376068856861, 0.8518495006865898, 0.9395884309699883]"
weak_mixture,16,8,2048,3,True,0,"[0.6136918456160584, 0.5591335141223148, 0.58492468463721, 0.6082472721028926, 0.5291416634937691, 0.6036660850094547, 0.5927044113416046, 0.548569073992287]"
weak_mixture,16,8,2048,4,True,0,"[0.41298667248800985, 0.4468443229430115, 0.4402213577448754, 0.42607221722868366, 0.4496309171069215, 0.43033082752403173, 0.4369686536008568, 0.4483242398649409]"
weak_mixture,16,8,2048,5,True,0,"[0.36345812179187703, 0.35398437520117804, 0.3586432545072185, 0.3625773361210602, 0.3481034395683037, 0.3618258926668049, 0.3599841078195707, 0.35197209766190474]"
weak_mixture,16,8,2048,6,True,0,"[0.3068083297798891, 0.31421386991484856, 0.3128436562498603, 0.30979100331839476, 0.31477945458187057, 0.3107279863704411, 0.31215666242514883, 0.31451432937618584]"
weak_mixture,16,8,2048,7,True,0,"[0.28613183809349635, 0.28388977402262155, 0.2850061312588551, 0.285927442554252, 0.2824414699074409, 0.2857530333192871, 0.28532210195613733, 0.2833992027883537]"
weak_mixture,16,8,2048,8,True,0,"[0.2671210879173324, 0.26894969881909214, 0.2686175213678377, 0.2678675635715936, 0.26908601064829324, 0.26809930877990495, 0.2684498942934734, 0.2690222761545754]"
weak_mixture,16,8,2048,9,True,0,"[0.25755756124452744, 0.256747089311496, 0.25715631507290515, 0.2574855904794444, 0.2561983190924165, 0.25742378368514635, 0.25727007107542704, 0.25656354273714055]"
weak_mixture,16,8,2048,10,True,0,"[0.24561489716280757, 0.2466782815216946, 0.24649143624774822, 0.24605952898276168, 0.24675417227797375, 0.24619452603981173, 0.2463961406784795, 0.24671874633343527]"
weak_mixture,16,8,2048,11,True,0,"[0.23673577332487655, 0.23626634841227087, 0.23650351781305695, 0.23669413515057444, 0.23594783654957216, 0.2366583699255444, 0.23656939288848963, 0.23615987590086412]"
weak_mixture,16,8,2048,12,True,0,"[0.22698897843236313, 0.22755943370003734, 0.2274593603361049, 0.2272277717359736, 0.22760006092591306, 0.2273001963590226, 0.22740829424851433, 0.22758109746148109]"
weak_mixture,16,8,2048,13,True,0,"[0.21940361206127085, 0.21917852163860307, 0.21929230300371186, 0.21938366521343125, 0.2190255296288346, 0.21936652889998629, 0.2193238853461182, 0.21912740314241752]"
weak_mixture,16,8,2048,14,True,0,"[0.21191353706795385, 0.21214086797344894, 0.21210103896187485, 0.2120087839538778, 0.21215703134942998, 0.21203764732301464, 0.21208070640064855, 0.21214948725678845]"
weak_mixture,16,8,2048,15,True,0,"[0.2058506854813006, 0.2057910584579521, 0.20582121129905465, 0.20584540534434362, 0.2057504762243784, 0.2058408685899828, 0.20582957653237652, 0.2057775037984872]"
weak_mixture,16,8,2048,16,True,0,"[0.20045519680292978, 0.20045519680292978, 0.20045519680292978, 0.20045519680292978, 0.20045519680292978, 0.20045519680292978, 0.20045519680292992, 0.20045519680292978]"
weak_mixture,64,1,128,2,False,116,
weak_mixture,64,1,128,3,False,116,
weak_mixture,64,1,128,4,False,116,
weak_mixture,64,1,128,5,False,116,
weak_mixture,64,1,128,6,False,116,
weak_mixture,64,1,128,7,False,116,
weak_mixture,64,1,128,8,False,117,
weak_mixture,64,1,128,9,False,117,
weak_mixture,64,1,128,10,False,117,
weak_mixture,64,1,128,11,False,117,
weak_mixture,64,1,128,12,False,118,
weak_mixture,64,1,128,13,False,118,
weak_mixture,64,1,128,14,False,119,
weak_mixture,64,1,128,15,False,119,
weak_mixture,64,1,128,16,False,120,
weak_mixture,64,1,128,17,False,121,
weak_mixture,64,1,128,18,False,121,
weak_mixture,64,1,128,19,False,122,
weak_mixture,64,1,128,20,False,124,
weak_mixture,64,1,128,21,False,126,
weak_mixture,64,1,128,22,True,0,[2.1673881457510102]
weak_mixture,64,1,128,23,True,0,[1.0241537663571258]
weak_mixture,64,1,128,24,True,0,[0.6938878961507283]
weak_mixture,64,1,128,25,True,0,[0.552962466255684]
weak_mixture,64,1,128,26,True,0,[0.46634600521708486]
weak_mixture,64,1,128,27,True,0,[0.4147482876175024]
weak_mixture,64,1,128,28,True,0,[0.37617035922661307]
weak_mixture,64,1,128,29,True,0,[0.34981634932918765]
weak_mixture,64,1,128,30,True,0,[0.3288183848819041]
weak_mixture,64,1,128,31,True,0,[0.31351308696483093]
weak_mixture,64,1,128,32,True,0,[0.30027705313864744]
weak_mixture,64,1,128,33,True,0,[0.29055247630196357]
weak_mixture,64,1,128,34,True,0,[0.2819715238906114]
weak_mixture,64,1,128,35,True,0,[0.27537680004243487]
weak_mixture,64,1,128,36,True,0,[0.2694884668476545]
weak_mixture,64,1,128,37,True,0,[0.2649307030562047]
weak_mixture,64,1,128,38,True,0,[0.26081425788021895]
weak_mixture,64,1,128,39,True,0,[0.25755121924738433]
weak_mixture,64,1,128,40,True,0,[0.25458906026173117]
weak_mixture,64,1,128,41,True,0,[0.25202329055607703]
weak_mixture,64,1,128,42,True,0,[0.249377257415422]
weak_mixture,64,1,128,43,True,0,[0.24690726886929246]
weak_mixture,64,1,128,44,True,0,[0.24437496104807965]
weak_mixture,64,1,128,45,True,0,[0.24200479026931765]
weak_mixture,64,1,128,46,True,0,[0.2395912714280518]
weak_mixture,64,1,128,47,True,0,[0.2373264708667921]
weak_mixture,64,1,128,48,True,0,[0.23503524104344112]
weak_mixture,64,1,128,49,True,0,[0.23287986497966268]
weak_mixture,64,1,128,50,True,0,[0.23071308597455606]
weak_mixture,64,1,128,51,True,0,[0.22866989920532677]
weak_mixture,64,1,128,52,True,0,[0.22662860305475735]
weak_mixture,64,1,128,53,True,0,[0.2246992743672169]
weak_mixture,64,1,128,54,True,0,[0.22278355247016537]
weak_mixture,64,1,128,55,True,0,[0.22096883062645528]
weak_mixture,64,1,128,56,True,0,[0.21917800244701569]
weak_mixture,64,1,128,57,True,0,[0.21747787363980176]
weak_mixture,64,1,128,58,True,0,[0.2158106349176521]
weak_mixture,64,1,128,59,True,0,[0.2142244615722543]
weak_mixture,64,1,128,60,True,0,[0.21267901268802827]
weak_mixture,64,1,128,61,True,0,[0.2112056541383847]
weak_mixture,64,1,128,62,True,0,[0.20977980975484292]
weak_mixture,64,1,128,63,True,0,[0.2084177257552596]
weak_mixture,64,1,128,64,True,0,[0.2071090071403382]
weak_mixture,64,1,512,2,False,470,
weak_mixture,64,1,512,3,False,471,
weak_mixture,64,1,512,4,False,471,
weak_mixture,64,1,512,5,False,472,
weak_mixture,64,1,512,6,False,473,
weak_mixture,64,1,512,7,False,473,
weak_mixture,64,1,512,8,False,475,
weak_mixture,64,1,512,9,False,476,
weak_mixture,64,1,512,10,False,478,
weak_mixture,64,1,512,11,False,479,
weak_mixture,64,1,512,12,False,481,
weak_mixture,64,1,512,13,False,484,
weak_mixture,64,1,512,14,False,487,
weak_mixture,64,1,512,15,False,490,
weak_mixture,64,1,512,16,False,495,
weak_mixture,64,1,512,17,False,501,
weak_mixture,64,1,512,18,True,0,[4.810667110770275]
weak_mixture,64,1,512,19,True,0,[1.55353833088472]
weak_mixture,64,1,512,20,True,0,[0.9157343079229081]
weak_mixture,64,1,512,21,True,0,[0.6965043400707758]
weak_mixture,64,1,512,22,True,0,[0.5606201099194176]
weak_mixture,64,1,512,23,True,0,[0.48656914138034985]
weak_mixture,64,1,512,24,True,0,[0.4297344561414016]
weak_mixture,64,1,512,25,True,0,[0.393358570013437]
weak_mixture,64,1,512,26,True,0,[0.3630000592979785]
weak_mixture,64,1,512,27,True,0,[0.341872711222403]
weak_mixture,64,1,512,28,True,0,[0.3234128178237723]
weak_mixture,64,1,512,29,True,0,[0.30993439189708155]
weak_mixture,64,1,512,30,True,0,[0.29788414320551954]
weak_mixture,64,1,512,31,True,0,[0.2887632362304988]
weak_mixture,64,1,512,32,True,0,[0.2805296303322939]
weak_mixture,64,1,512,33,True,0,[0.27415459139941256]
weak_mixture,64,1,512,34,True,0,[0.2683754746582361]
weak_mixture,64,1,512,35,True,0,[0.2638369979462634]
weak_mixture,64,1,512,36,True,0,[0.2597298934304754]
weak_mixture,64,1,512,37,True,0,[0.25647541469712076]
weak_mixture,64,1,512,38,True,0,[0.25353269686788676]
weak_mixture,64,1,512,39,True,0,[0.25093856189848135]
weak_mixture,64,1,512,40,True,0,[0.24823968735626603]
weak_mixture,64,1,512,41,True,0,[0.24572770271441485]
weak_mixture,64,1,512,42,True,0,[0.24313404840476077]
weak_mixture,64,1,512,43,True,0,[0.24071320281165756]
weak_mixture,64,1,512,44,True,0,[0.23823144619073056]
weak_mixture,64,1,512,45,True,0,[0.23590881936523334]
weak_mixture,64,1,512,46,True,0,[0.233543869922774]
weak_mixture,64,1,512,47,True,0,[0.23132485556347435]
weak_mixture,64,1,512,48,True,0,[0.22908008990222928]
weak_mixture,64,1,512,49,True,0,[0.22696861290858789]
weak_mixture,64,1,512,50,True,0,[0.22484609698877359]
weak_mixture,64,1,512,51,True,0,[0.2228448192259044]
weak_mixture,64,1,512,52,True,0,[0.22084551370742234]
weak_mixture,64,1,512,53,True,0,[0.21895602456171512]
weak_mixture,64,1,512,54,True,0,[0.21707997089958356]
weak_mixture,64,1,512,55,True,0,[0.21530296043578123]
weak_mixture,64,1,512,56,True,0,[0.21354944671772427]
weak_mixture,64,1,512,57,True,0,[0.2118848604577717]
weak_mixture,64,1,512,58,True,0,[0.21025256696155942]
weak_mixture,64,1,512,59,True,0,[0.2086997422034882]
weak_mixture,64,1,512,60,True,0,[0.20718686734865432]
weak_mixture,64,1,512,61,True,0,[0.20574465157898567]
weak_mixture,64,1,512,62,True,0,[0.2043490194077217]
weak_mixture,64,1,512,63,True,0,[0.20301587178286745]
weak_mixture,64,1,512,64,True,0,[0.2017350223794228]
weak_mixture,64,1,2048,2,False,1891,
weak_mixture,64,1,2048,3,False,1891,
weak_mixture,64,1,2048,4,False,1894,
weak_mixture,64,1,2048,5,False,1896,
weak_mixture,64,1,2048,6,False,1900,
weak_mixture,64,1,2048,7,False,1903,
weak_mixture,64,1,2048,8,False,1909,
weak_mixture,64,1,2048,9,False,1913,
weak_mixture,64,1,2048,10,False,1921,
weak_mixture,64,1,2048,11,False,1928,
weak_mixture,64,1,2048,12,False,1938,
weak_mixture,64,1,2048,13,False,1948,
weak_mixture,64,1,2048,14,False,1962,
weak_mixture,64,1,2048,15,False,1978,
weak_mixture,64,1,2048,16,False,2006,
weak_mixture,64,1,2048,17,True,0,[6.699271276821774]
weak_mixture,64,1,2048,18,True,0,[1.5789844328243243]
weak_mixture,64,1,2048,19,True,0,[0.9968416539583417]
weak_mixture,64,1,2048,20,True,0,[0.720331752359067]
weak_mixture,64,1,2048,21,True,0,[0.5926327401602205]
weak_mixture,64,1,2048,22,True,0,[0.5016183357934111]
weak_mixture,64,1,2048,23,True,0,[0.447465709249218]
weak_mixture,64,1,2048,24,True,0,[0.4035203039234615]
weak_mixture,64,1,2048,25,True,0,[0.37421257166687516]
weak_mixture,64,1,2048,26,True,0,[0.34896622666944765]
weak_mixture,64,1,2048,27,True,0,[0.33098838402579867]
weak_mixture,64,1,2048,28,True,0,[0.3150120677898167]
weak_mixture,64,1,2048,29,True,0,[0.303145369099819]
weak_mixture,64,1,2048,30,True,0,[0.2924250985268348]
weak_mixture,64,1,2048,31,True,0,[0.2842335366479115]
weak_mixture,64,1,2048,32,True,0,[0.2767794343734162]
weak_mixture,64,1,2048,33,True,0,[0.2709742532873138]
weak_mixture,64,1,2048,34,True,0,[0.2656880144477047]
weak_mixture,64,1,2048,35,True,0,[0.26152308354152026]
weak_mixture,64,1,2048,36,True,0,[0.2577489446361296]
weak_mixture,64,1,2048,37,True,0,[0.25476011590618447]
weak_mixture,64,1,2048,38,True,0,[0.251961745220981]
weak_mixture,64,1,2048,39,True,0,[0.24938044019227507]
weak_mixture,64,1,2048,40,True,0,[0.24669496108660333]
weak_mixture,64,1,2048,41,True,0,[0.24419551122647723]
weak_mixture,64,1,2048,42,True,0,[0.24161484382675663]
weak_mixture,64,1,2048,43,True,0,[0.23920618211532194]
weak_mixture,64,1,2048,44,True,0,[0.23673695753780594]
weak_mixture,64,1,2048,45,True,0,[0.23442611658612475]
weak_mixture,64,1,2048,46,True,0,[0.23207320635655743]
weak_mixture,64,1,2048,47,True,0,[0.22986554074024437]
weak_mixture,64,1,2048,48,True,0,[0.22763229111312094]
weak_mixture,64,1,2048,49,True,0,[0.22553169388684263]
weak_mixture,64,1,2048,50,True,0,[0.22342014730452453]
weak_mixture,64,1,2048,51,True,0,[0.221429255035972]
weak_mixture,64,1,2048,52,True,0,[0.21944035468961293]
weak_mixture,64,1,2048,53,True,0,[0.21756073728727843]
weak_mixture,64,1,2048,54,True,0,[0.21569451245743648]
weak_mixture,64,1,2048,55,True,0,[0.21392684562354597]
weak_mixture,64,1,2048,56,True,0,[0.21218257680563593]
weak_mixture,64,1,2048,57,True,0,[0.2105267961496428]
weak_mixture,64,1,2048,58,True,0,[0.20890315995280592]
weak_mixture,64,1,2048,59,True,0,[0.20735859669396253]
weak_mixture,64,1,2048,60,True,0,[0.20585379119463657]
weak_mixture,64,1,2048,61,True,0,[0.2044192900134251]
weak_mixture,64,1,2048,62,True,0,[0.20303114170164205]
weak_mixture,64,1,2048,63,True,0,[0.2017051617186892]
weak_mixture,64,1,2048,64,True,0,[0.20043121544701328]
weak_mixture,64,8,128,2,False,116,
weak_mixture,64,8,128,3,False,116,
weak_mixture,64,8,128,4,False,116,
weak_mixture,64,8,128,5,False,116,
weak_mixture,64,8,128,6,False,116,
weak_mixture,64,8,128,7,False,116,
weak_mixture,64,8,128,8,False,116,
weak_mixture,64,8,128,9,False,117,
weak_mixture,64,8,128,10,False,117,
weak_mixture,64,8,128,11,False,117,
weak_mixture,64,8,128,12,False,118,
weak_mixture,64,8,128,13,False,118,
weak_mixture,64,8,128,14,False,119,
weak_mixture,64,8,128,15,False,119,
weak_mixture,64,8,128,16,False,120,
weak_mixture,64,8,128,17,False,121,
weak_mixture,64,8,128,18,False,121,
weak_mixture,64,8,128,19,False,122,
weak_mixture,64,8,128,20,False,124,
weak_mixture,64,8,128,21,False,126,
weak_mixture,64,8,128,22,True,0,"[2.1673881457510102, 2.347509599986572, 2.313780494893049, 2.239317306347683, 2.361484672841209, 2.2620846284439975, 2.2969392381296543, 2.35494094324795]"
weak_mixture,64,8,128,23,True,0,"[1.0241537663571258, 1.008321533823439, 1.0162637703000812, 1.0227309835085248, 0.9978333144557751, 1.0215117836567313, 1.0184902286884827, 1.0047930546185149]"
weak_mixture,64,8,128,24,True,0,"[0.6938878961507283, 0.7045900091520044, 0.7026911443076616, 0.6983319762417275, 0.7053635408308915, 0.6996899740410081, 0.7017257282867516, 0.7050022910746032]"
weak_mixture,64,8,128,25,True,0,"[0.552962466255684, 0.5496592068372581, 0.551324518542648, 0.5526682972002674, 0.5474342385488201, 0.5524158022214805, 0.5517883728813262, 0.5489139802008292]"
weak_mixture,64,8,128,26,True,0,"[0.46634600521708486, 0.4694510456260968, 0.46890447388879153, 0.46764265094319246, 0.4696731673061318, 0.46803680420953486, 0.4686258723816718, 0.4695694717769451]"
weak_mixture,64,8,128,27,True,0,"[0.4147482876175024, 0.41351538053514425, 0.4141380250208386, 0.4146388434513562, 0.41268002449107305, 0.41454484929496366, 0.41431106274155755, 0.41323603007165965]"
weak_mixture,64,8,128,28,True,0,"[0.37617035922661307, 0.377528424905787, 0.3772900990853365, 0.3767387062939616, 0.37762518944037965, 0.3769111225661395, 0.3771684985528113, 0.3775800221650581]"
weak_mixture,64,8,128,29,True,0,"[0.34981634932918765, 0.3492151735179152, 0.3495190236147572, 0.3497630621578989, 0.3488067378615808, 0.3497172852023979, 0.3496033776484951, 0.3490786889202753]"
weak_mixture,64,8,128,30,True,0,"[0.3288183848819041, 0.3295408295998917, 0.3294142476044864, 0.3291210615292793, 0.3295921999923529, 0.3292127873382287, 0.3293496292851292, 0.3295682233077094]"
weak_mixture,64,8,128,31,True,0,"[0.31351308696483093, 0.3132044295813203, 0.31336052042524826, 0.313485756303142, 0.3129943304916623, 0.3134622732108143, 0.31340382229293484, 0.31313425793381067]"
weak_mixture,64,8,128,32,True,0,"[0.30027705313864744, 0.30066755481069574, 0.30059921600563383, 0.3004407971313281, 0.30069527858342315, 0.3004903800210033, 0.30056431654303345, 0.3006823394686035]"
weak_mixture,64,8,128,33,True,0,"[0.29055247630196357, 0.29035896518495846, 0.29045684976132824, 0.29053534931428865, 0.2902271336283936, 0.29052063222410146, 0.29048399557245563, 0.2903149443647337]"
weak_mixture,64,8,128,34,True,0,"[0.2819715238906114, 0.28222719922768713, 0.2821824794600601, 0.2820787735305236, 0.2822453382891895, 0.28211123793673887, 0.2821596378989153, 0.2822368727168015]"
weak_mixture,64,8,128,35,True,0,"[0.27537680004243487, 0.27525781352822803, 0.27531801466456496, 0.27536627337459385, 0.2751766900052484, 0.2753572272052583, 0.27533470497043655, 0.27523073064261916]"
weak_mixture,64,8,128,36,True,0,"[0.2694884668476545, 0.26964416017363124, 0.26961564103053, 0.26955133436786605, 0.2696557262026293, 0.26957035607131724, 0.2696010718459959, 0.269650328419783]"
weak_mixture,64,8,128,37,True,0,"[0.2649307030562047, 0.2648579143770998, 0.26489474874976987, 0.264924265740527, 0.26480825585219564, 0.2649187334362197, 0.26490495826125215, 0.26484133889932204]"
weak_mixture,64,8,128,38,True,0,"[0.26081425788021895, 0.2609118338865579, 0.26089478502430785, 0.2608552190573811, 0.2609187470086602, 0.2608676093165521, 0.26088607401798963, 0.26091552078296154]"
weak_mixture,64,8,128,39,True,0,"[0.25755121924738433, 0.2575040200689749, 0.2575279082773847, 0.25754704608553874, 0.2574718043528677, 0.25754345945737855, 0.2575345282643906, 0.2574932681726763]"
weak_mixture,64,8,128,40,True,0,"[0.25458906026173117, 0.25465677433098743, 0.25464494655772774, 0.25461749167764836, 0.2546615699387423, 0.25462609015292786, 0.2546389026622448, 0.2546593319479218]"
weak_mixture,64,8,128,41,True,0,"[0.25202329055607703, 0.2519868010720751, 0.2520052700216047, 0.2520200646497416, 0.2519618902889093, 0.2520172920874547, 0.2520103878132012, 0.25197848762130276]"
weak_mixture,64,8,128,42,True,0,"[0.249377257415422, 0.24943518091642317, 0.24942506374442983, 0.24940157879798916, 0.24943928290005243, 0.24940893405974482, 0.24941989387704402, 0.24943736861033683]"
weak_mixture,64,8,128,43,True,0,"[0.24690726886929246, 0.24687561299704466, 0.2468916355745573, 0.24690447032860025, 0.24685400142829936, 0.2469020650665971, 0.24689607542192132, 0.24686840064523935]"
weak_mixture,64,8,128,44,True,0,"[0.24437496104807965, 0.24442496896979723, 0.24441623457065478, 0.2443959591172296, 0.2444285102869222, 0.2444023092461454, 0.24441177126597502, 0.2444268576475288]"
weak_mixture,64,8,128,45,True,0,"[0.24200479026931765, 0.24197760387109207, 0.2419913643403801, 0.24200238688843684, 0.24195904312108718, 0.24200032124896895, 0.24199517731887732, 0.241971409703796]"
weak_mixture,64,8,128,46,True,0,"[0.2395912714280518, 0.23963397472863465, 0.23962651632283577, 0.23960920260476365, 0.23963699868082278, 0.239614625179775, 0.23962270502754257, 0.23963558748345037]"
weak_mixture,64,8,128,47,True,0,"[0.2373264708667921, 0.23730340088498147, 0.2373150779080903, 0.23732443142150791, 0.2372876500928741, 0.23732267857017478, 0.23731831353850855, 0.23729814450498113]"
weak_mixture,64,8,128,48,True,0,"[0.23503524104344112, 0.23507122898925645, 0.2350649435965087, 0.235050352658202, 0.23507377733643348, 0.23505492250407864, 0.23506173169697375, 0.23507258809231532]"
weak_mixture,64,8,128,49,True,0,"[0.23287986497966268, 0.23286057254450396, 0.23287033760838655, 0.23287815950199378, 0.23284740050766634, 0.2328766936837888, 0.23287304342109988, 0.23285617678030007]"
weak_mixture,64,8,128,50,True,0,"[0.23071308597455606, 0.2307429217122824, 0.2307377109241685, 0.2307256144068897, 0.23074503435954852, 0.23072940303194608, 0.23073504814140317, 0.23074404844560134]"
weak_mixture,64,8,128,51,True,0,"[0.22866989920532677, 0.2286540617680377, 0.22866207810438804, 0.228668499171951, 0.2286432484005795, 0.22866729587322715, 0.22866429934021718, 0.22865045316039428]"
weak_mixture,64,8,128,52,True,0,"[0.22662860305475735, 0.22665282070088622, 0.22664859118835176, 0.22663877250966927, 0.22665453549286052, 0.22664184773615814, 0.22664642983747676, 0.22665373524765053]"
weak_mixture,64,8,128,53,True,0,"[0.2246992743672169, 0.22468658702194272, 0.22469300893755065, 0.22469815281616157, 0.2246779242596943, 0.22469718886495427, 0.22469478836240347, 0.22468369612567896]"
weak_mixture,64,8,128,54,True,0,"[0.22278355247016537, 0.22280265544938, 0.22279931925202864, 0.2227915742788731, 0.22280400805302134, 0.2227940000319607, 0.22279761439025417, 0.22280337683144064]"
weak_mixture,64,8,128,55,True,0,"[0.22096883062645528, 0.22095900677223768, 0.2209639793133733, 0.22096796221543802, 0.22095229902726368, 0.22096721583163453, 0.2209653571254474, 0.22095676830767857]"
weak_mixture,64,8,128,56,True,0,"[0.21917800244701569, 0.21919246283515365, 0.21918993747506613, 0.21918407478947755, 0.21919348669372365, 0.2191859110137839, 0.21918864696000837, 0.21919300888846693]"
weak_mixture,64,8,128,57,True,0,"[0.21747787363980176, 0.21747064511800418, 0.21747430400030202, 0.2174772346582001, 0.21746570937497978, 0.21747668546385426, 0.21747531781085913, 0.2174689980029124]"
weak_mixture,64,8,128,58,True,0,"[0.2158106349176521, 0.21582089357342774, 0.21581910203124274, 0.21581494287633468, 0.2158216199163014, 0.2158162455526334, 0.2158181865088511, 0.2158212809532791]"
weak_mixture,64,8,128,59,True,0,"[0.2142244615722543, 0.2142195783975614, 0.21422205014164403, 0.21422402991715292, 0.21421624403257103, 0.21422365891592554, 0.21422273501278383, 0.2142184656864464]"
weak_mixture,64,8,128,60,True,0,"[0.21267901268802827, 0.21268547998746454, 0.2126843505732419, 0.21268172855483608, 0.21268593788259044, 0.21268254979328916, 0.21268377341194855, 0.2126857241964396]"
weak_mixture,64,8,128,61,True,0,"[0.2112056541383847, 0.21120288392409142, 0.21120428614596348, 0.21120540926360884, 0.21120099231453965, 0.2112051987969877, 0.21120467467127033, 0.2112022526778207]"
weak_mixture,64,8,128,62,True,0,"[0.20977980975484292, 0.20978286677135066, 0.2097823329176651, 0.2097810935252894, 0.20978308320923592, 0.20978148171527272, 0.20978206010278672, 0.20978298220412]"
weak_mixture,64,8,128,63,True,0,"[0.2084177257552596, 0.20841685291703307, 0.20841729473064569, 0.20841764860083783, 0.208416256900123, 0.20841758228753646, 0.20841741714690315, 0.20841665402192558]"
weak_mixture,64,8,128,64,True,0,"[0.2071090071403382, 0.20710900714033809, 0.20710900714033822, 0.20710900714033817, 0.20710900714033803, 0.20710900714033822, 0.20710900714033817, 0.20710900714033822]"
weak_mixture,64,8,512,2,False,470,
weak_mixture,64,8,512,3,False,471,
weak_mixture,64,8,512,4,False,471,
weak_mixture,64,8,512,5,False,472,
weak_mixture,64,8,512,6,False,472,
weak_mixture,64,8,512,7,False,473,
weak_mixture,64,8,512,8,False,475,
weak_mixture,64,8,512,9,False,476,
weak_mixture,64,8,512,10,False,477,
weak_mixture,64,8,512,11,False,479,
weak_mixture,64,8,512,12,False,481,
weak_mixture,64,8,512,13,False,484,
weak_mixture,64,8,512,14,False,486,
weak_mixture,64,8,512,15,False,490,
weak_mixture,64,8,512,16,False,494,
weak_mixture,64,8,512,17,False,501,
weak_mixture,64,8,512,18,True,0,"[4.810667110770275, 5.8493887975611125, 5.63597977135635, 5.197081377290197, 5.940702557302796, 5.326823757428447, 5.532959920518021, 5.897728699835146]"
weak_mixture,64,8,512,19,True,0,"[1.55353833088472, 1.5108513492730915, 1.5321324675408527, 1.5496585445663869, 1.483149598700131, 1.5463408411342097, 1.5381459987035013, 1.5014813152411821]"
weak_mixture,64,8,512,20,True,0,"[0.9157343079229081, 0.9380548278492844, 0.9340652583110763, 0.9249544535431636, 0.9396836937553886, 0.9277855819368519, 0.9320417640406485, 0.9389227275965559]"
weak_mixture,64,8,512,21,True,0,"[0.6965043400707758, 0.6904445616354276, 0.693495398832661, 0.695963342765403, 0.6863815516439616, 0.6954991977706433, 0.6943466777778126, 0.689082037502571]"
weak_mixture,64,8,512,22,True,0,"[0.5606201099194176, 0.5664059244274321, 0.5653841397047645, 0.5630306660460966, 0.5668215757882398, 0.563765003469416, 0.5648638580506223, 0.5666275033146441]"
weak_mixture,64,8,512,23,True,0,"[0.48656914138034985, 0.4844631811625734, 0.4855259761329835, 0.48638195090476727, 0.483039738126963, 0.48622122404397367, 0.4858216103401523, 0.48398685958954957]"
weak_mixture,64,8,512,24,True,0,"[0.4297344561414016, 0.43209710158976794, 0.4316817376461642, 0.43072196496495635, 0.4322658375185595, 0.43102189601660823, 0.4314699297047064, 0.43218706926238576]"
weak_mixture,64,8,512,25,True,0,"[0.393358570013437, 0.39238547482162506, 0.3928770978877639, 0.39327225032539587, 0.3917252933855092, 0.3931981067026869, 0.393013655183969, 0.3921647817725473]"
weak_mixture,64,8,512,26,True,0,"[0.3630000592979785, 0.3642004113905192, 0.36398985585492116, 0.36350256051652796, 0.3642858893704388, 0.3636549568445457, 0.363882409214396, 0.36424599119157236]"
weak_mixture,64,8,512,27,True,0,"[0.341872711222403, 0.3413422791992486, 0.3416104207748807, 0.3418257099244558, 0.34098169069632434, 0.3417853305499084, 0.34168484437571467, 0.3412218028453731]"
weak_mixture,64,8,512,28,True,0,"[0.3234128178237723, 0.3241050634447485, 0.32398358910330183, 0.32370220057559657, 0.32415435858690195, 0.3237902403262094, 0.3239215748893395, 0.3241313506816408]"
weak_mixture,64,8,512,29,True,0,"[0.30993439189708155, 0.3096212216083534, 0.3097795953718767, 0.3099066618582947, 0.3094080474273099, 0.3098828355773856, 0.30982353029994636, 0.3095500231912167]"
weak_mixture,64,8,512,30,True,0,"[0.29788414320551954, 0.29830058038152363, 0.2982276965280731, 0.29805875182483854, 0.2983301487533507, 0.29811162761525417, 0.2981904770124308, 0.29831634868105783]"
weak_mixture,64,8,512,31,True,0,"[0.2887632362304988, 0.2885682733876964, 0.28866689494862396, 0.2887459816114037, 0.288435440672658, 0.28873115471578586, 0.28869424418217093, 0.288523919359248]"
weak_mixture,64,8,512,32,True,0,"[0.2805296303322939, 0.2807916294442137, 0.28074580579692826, 0.2806395363592749, 0.28081021599120337, 0.28067280379333237, 0.2807224000460115, 0.2808015415946526]"
weak_mixture,64,8,512,33,True,0,"[0.27415459139941256, 0.2740308449558033, 0.27409345501184407, 0.2741436438288728, 0.2739464732488492, 0.2741342359218529, 0.27411081294128814, 0.27400267793575944]"
weak_mixture,64,8,512,34,True,0,"[0.2683754746582361, 0.26854381178871406, 0.2685143850152383, 0.26844611639644206, 0.26855574573493696, 0.2684674915242271, 0.26849935192479096, 0.26855017626033495]"
weak_mixture,64,8,512,35,True,0,"[0.2638369979462634, 0.263756322060009, 0.263797147003289, 0.26382986286821636, 0.2637012859340009, 0.26382373093447026, 0.26380846285404674, 0.263737951301605]"
weak_mixture,64,8,512,36,True,0,"[0.2597298934304754, 0.25984041431832816, 0.2598211024155119, 0.2597762865771151, 0.25984824522999717, 0.25979032054791473, 0.25981123532915684, 0.2598445906780353]"
weak_mixture,64,8,512,37,True,0,"[0.25647541469712076, 0.25642286427412836, 0.25644937160361814, 0.25647075237677197, 0.2563872951738836, 0.2564667453582678, 0.2564567674060201, 0.256410993108695]"
weak_mixture,64,8,512,38,True,0,"[0.25353269686788676, 0.2536068866534543, 0.2535939276845377, 0.25356384715872393, 0.2536121409161513, 0.2535732679321415, 0.25358730576831473, 0.25360968888189844]"
weak_mixture,64,8,512,39,True,0,"[0.25093856189848135, 0.25089767113218875, 0.25091836757730906, 0.2509349468294016, 0.25086975653293797, 0.25093183980375183, 0.25092410268198484, 0.25088835514253216]"
weak_mixture,64,8,512,40,True,0,"[0.24823968735626603, 0.24830486693119647, 0.24829348209161628, 0.2482670549871729, 0.2483094829226438, 0.24827533163368934, 0.24828766449441922, 0.248307328756257]"
weak_mixture,64,8,512,41,True,0,"[0.24572770271441485, 0.24569192205232737, 0.24571003222790386, 0.245724539470044, 0.24566749520576697, 0.24572182076407492, 0.24571505060513646, 0.24568377010205095]"
weak_mixture,64,8,512,42,True,0,"[0.24313404840476077, 0.24319084216597703, 0.2431809223078893, 0.24315789540391924, 0.2431948641505194, 0.24316510720833912, 0.24317585326962388, 0.24319298719421076]"
weak_mixture,64,8,512,43,True,0,"[0.24071320281165756, 0.2406821667603176, 0.24069787561028205, 0.24071045906435629, 0.24066097837303635, 0.2407081008959339, 0.2407022285261008, 0.24067509563285727]"
weak_mixture,64,8,512,44,True,0,"[0.23823144619073056, 0.23828047114600015, 0.23827190842321738, 0.23825203150234323, 0.23828394285889865, 0.23825825681150212, 0.23826753284713106, 0.23828232270188696]"
weak_mixture,64,8,512,45,True,0,"[0.23590881936523334, 0.23588216935183168, 0.23589565832382964, 0.2359064634013077, 0.2358639748248977, 0.2359044385156354, 0.23589939607305402, 0.23587609740002527]"
weak_mixture,64,8,512,46,True,0,"[0.233543869922774, 0.23358572754160686, 0.2335784168327611, 0.23356144598502804, 0.2335886916120432, 0.2335667611729957, 0.23357468101271026, 0.2335873083598193]"
weak_mixture,64,8,512,47,True,0,"[0.23132485556347435, 0.23130224409668704, 0.2313136890358609, 0.23132285665094784, 0.23128680636724544, 0.2313211386366659, 0.2313168603585487, 0.2312970921910025]"
weak_mixture,64,8,512,48,True,0,"[0.22908008990222928, 0.22911536002589736, 0.22910919999762344, 0.2290949000893087, 0.22911785754596886, 0.2290993787840545, 0.2291060521614446, 0.22911669202143006]"
weak_mixture,64,8,512,49,True,0,"[0.22696861290858789, 0.22694970661247965, 0.2269592762254851, 0.22696694156528938, 0.2269367982267374, 0.22696550508490954, 0.22696192788144814, 0.22694539883266676]"
weak_mixture,64,8,512,50,True,0,"[0.22484609698877359, 0.22487533351447705, 0.22487022737449913, 0.2248583737974492, 0.22487740373395199, 0.2248620863327842, 0.2248676180689541, 0.22487643761984635]"
weak_mixture,64,8,512,51,True,0,"[0.2228448192259044, 0.22282930091485498, 0.22283715571915888, 0.22284344740274858, 0.222818705446852, 0.22284226835020043, 0.22283933219698696, 0.22282576502323104]"
weak_mixture,64,8,512,52,True,0,"[0.22084551370742234, 0.22086924176459086, 0.22086509775405508, 0.2208554775699531, 0.22087092189139712, 0.22085849062694557, 0.22086298009655778, 0.2208701378234229]"
weak_mixture,64,8,512,53,True,0,"[0.21895602456171512, 0.21894359451820797, 0.2189498861947977, 0.218954925755492, 0.2189351074446376, 0.2189539813530904, 0.21895162953269265, 0.2189407622513826]"
weak_mixture,64,8,512,54,True,0,"[0.21707997089958356, 0.21709868525257894, 0.21709541692411938, 0.21708782951146513, 0.21710001034017484, 0.2170902059155858, 0.2170937467449752, 0.2170993919595325]"
weak_mixture,64,8,512,55,True,0,"[0.21530296043578123, 0.215293337040553, 0.21529820811442998, 0.21530210974468283, 0.21528676617353493, 0.21530137859087928, 0.21529955781187196, 0.21529114425362636]"
weak_mixture,64,8,512,56,True,0,"[0.21354944671772427, 0.21356361115359818, 0.2135611374773401, 0.21355539477904187, 0.21356461405810434, 0.21355719342238927, 0.21355987337406745, 0.213564146031494]"
weak_mixture,64,8,512,57,True,0,"[0.2118848604577717, 0.21187778030603618, 0.21188136408683766, 0.2118842345914907, 0.2118729458749905, 0.21188369666958018, 0.21188235708833064, 0.21187616699969308]"
weak_mixture,64,8,512,58,True,0,"[0.21025256696155942, 0.2102626144499603, 0.210260859784688, 0.21025678624260505, 0.21026332584196078, 0.21025806210418607, 0.2102599631074342, 0.21026299385606823]"
weak_mixture,64,8,512,59,True,0,"[0.2086997422034882, 0.20869495982365716, 0.2086973805474995, 0.20869931945818243, 0.20869169428569612, 0.20869895611481024, 0.20869805128206706, 0.20869387008067428]"
weak_mixture,64,8,512,60,True,0,"[0.20718686734865432, 0.20719320079061204, 0.20719209475213377, 0.20718952700289886, 0.20719364920862643, 0.20719033124368788, 0.2071915295365452, 0.20719343994516087]"
weak_mixture,64,8,512,61,True,0,"[0.20574465157898567, 0.20574193885303868, 0.20574331197540677, 0.2057444117858751, 0.20574008649949482, 0.20574420568688614, 0.2057436924379297, 0.20574132070676654]"
weak_mixture,64,8,512,62,True,0,"[0.2043490194077217, 0.20435201281880008, 0.20435149007251566, 0.20435027646729162, 0.20435222475348097, 0.2043506565804444, 0.20435122293387012, 0.20435212584987536]"
weak_mixture,64,8,512,63,True,0,"[0.20301587178286745, 0.20301501715113118, 0.20301544974893326, 0.2030157962377925, 0.20301443356670146, 0.2030157313077076, 0.20301556961171968, 0.20301482240481458]"
weak_mixture,64,8,512,64,True,0,"[0.2017350223794228, 0.2017350223794228, 0.2017350223794228, 0.20173502237942284, 0.2017350223794228, 0.2017350223794228, 0.2017350223794228, 0.2017350223794228]"
weak_mixture,64,8,2048,2,False,1890,
weak_mixture,64,8,2048,3,False,1891,
weak_mixture,64,8,2048,4,False,1893,
weak_mixture,64,8,2048,5,False,1896,
weak_mixture,64,8,2048,6,False,1899,
weak_mixture,64,8,2048,7,False,1903,
weak_mixture,64,8,2048,8,False,1908,
weak_mixture,64,8,2048,9,False,1913,
weak_mixture,64,8,2048,10,False,1920,
weak_mixture,64,8,2048,11,False,1928,
weak_mixture,64,8,2048,12,False,1937,
weak_mixture,64,8,2048,13,False,1948,
weak_mixture,64,8,2048,14,False,1961,
weak_mixture,64,8,2048,15,False,1978,
weak_mixture,64,8,2048,16,False,2003,
weak_mixture,64,8,2048,17,True,0,"[6.699271276821774, 5.840246501059838, 6.244984558833114, 6.613055738554201, 5.372213965917211, 6.540743537805255, 6.367488144449384, 5.675033150933282]"
weak_mixture,64,8,2048,18,True,0,"[1.5789844328243243, 1.6611039409711663, 1.646097320770944, 1.612369586311752, 1.6672731893002153, 1.6227705169037374, 1.6385417741747226, 1.6643879950213931]"
weak_mixture,64,8,2048,19,True,0,"[0.9968416539583417, 0.9816264163363528, 0.9892603475205952, 0.995474713961071, 0.9715415988020542, 0.9943033043450163, 0.9913999410085115, 0.978234125362434]"
weak_mixture,64,8,2048,20,True,0,"[0.720331752359067, 0.7321062205790126, 0.7300111976719499, 0.7252036613668313, 0.7329598077836068, 0.7267010472583237, 0.7289462487746132, 0.732561160382813]"
weak_mixture,64,8,2048,21,True,0,"[0.5926327401602205, 0.5887480386362424, 0.5907060940559008, 0.592286666081575, 0.5861331679433033, 0.5919896388398922, 0.5912516285623491, 0.5878720630910349]"
weak_mixture,64,8,2048,22,True,0,"[0.5016183357934111, 0.5056703076521802, 0.5049538794715024, 0.5033078489765879, 0.5059623077031892, 0.5038218159650725, 0.5045902870663094, 0.5058259824264147]"
weak_mixture,64,8,2048,23,True,0,"[0.447465709249218, 0.44586742704720717, 0.4466743764573877, 0.4473237606848196, 0.4447919259714626, 0.44720186165463627, 0.4468987126786608, 0.4455073186304885]"
weak_mixture,64,8,2048,24,True,0,"[0.4035203039234615, 0.4054048385390269, 0.4050738080858578, 0.4043084472980485, 0.40553928113168947, 0.4045476925783607, 0.404904958753821, 0.4054765239219258]"
weak_mixture,64,8,2048,25,True,0,"[0.37421257166687516, 0.37340809614368053, 0.37381461513979125, 0.37414123717189923, 0.3728619235669348, 0.37407996068137606, 0.3739275023239199, 0.3732255502595732]"
weak_mixture,64,8,2048,26,True,0,"[0.34896622666944765, 0.3499847136029693, 0.34980573809129356, 0.34939140335524715, 0.35005736185253145, 0.34952100096939764, 0.3497143940971698, 0.3500234528239149]"
weak_mixture,64,8,2048,27,True,0,"[0.33098838402579867, 0.3305330503695732, 0.33076325863084305, 0.3309480468672348, 0.330223376433279, 0.3309133912262439, 0.33082714281064846, 0.3304295974773491]"
weak_mixture,64,8,2048,28,True,0,"[0.3150120677898167, 0.315611144647657, 0.3155062300114504, 0.3152631450744216, 0.3156537155847868, 0.31533920896351925, 0.31545266411566597, 0.3156338464189182]"
weak_mixture,64,8,2048,29,True,0,"[0.303145369099819, 0.3028688460919921, 0.3030086986452819, 0.30312088782688934, 0.302680563892605, 0.30309985237178444, 0.30304749129533776, 0.3028059662329252]"
weak_mixture,64,8,2048,30,True,0,"[0.2924250985268348, 0.29279716166126896, 0.29273191825833467, 0.2925806641705437, 0.29282362888776875, 0.29262800620299684, 0.2926985984830057, 0.29281127627999815]"
weak_mixture,64,8,2048,31,True,0,"[0.2842335366479115, 0.2840589121893609, 0.28414725105626853, 0.2842180837726871, 0.2839399115663684, 0.28420480484363075, 0.2841717467734943, 0.2840191790666599]"
weak_mixture,64,8,2048,32,True,0,"[0.2767794343734162, 0.2770179827067481, 0.27697621836248454, 0.2768793540904935, 0.2770349221105081, 0.2769096785709593, 0.2769548851409006, 0.27702701648710204]"
weak_mixture,64,8,2048,33,True,0,"[0.2709742532873138, 0.2708612048211479, 0.2709182794746607, 0.27096422091103944, 0.2707842846030696, 0.2709555993725499, 0.27093413376928893, 0.27083552644459685]"
weak_mixture,64,8,2048,34,True,0,"[0.2656880144477047, 0.2658432999858091, 0.26581615734788006, 0.26575318355716737, 0.26585430729271986, 0.26577290149582977, 0.2658022907150409, 0.2658491702956505]"
weak_mixture,64,8,2048,35,True,0,"[0.26152308354152026, 0.2614491295779038, 0.2614865543176149, 0.2615165433892906, 0.2613988776846023, 0.2615109226720433, 0.26149692721647555, 0.26143234295528356]"
weak_mixture,64,8,2048,36,True,0,"[0.2577489446361296, 0.2578504040429291, 0.2578326539099177, 0.25779145963297884, 0.25785760146009384, 0.2578043599314786, 0.25782358450935283, 0.25785424256364764]"
weak_mixture,64,8,2048,37,True,0,"[0.25476011590618447, 0.25471199776914694, 0.25473633043854876, 0.25475585771557746, 0.25467922339136706, 0.25475219798217824, 0.2547430846379861, 0.2547010495433906]"
weak_mixture,64,8,2048,38,True,0,"[0.251961745220981, 0.2520355751645002, 0.2520226790458549, 0.25199274441623914, 0.252040803944862, 0.25200211949603185, 0.2520160892462866, 0.2520383638025449]"
weak_mixture,64,8,2048,39,True,0,"[0.24938044019227507, 0.2493397485864668, 0.2493603442261252, 0.24937684272979047, 0.24931196995772448, 0.24937375083651345, 0.24936605139789775, 0.2493304779734947]"
weak_mixture,64,8,2048,40,True,0,"[0.24669496108660333, 0.24675982186716794, 0.24674849270742605, 0.24672219485590044, 0.24676441528361906, 0.24673043102109948, 0.246742703562941, 0.24676227165238038]"
weak_mixture,64,8,2048,41,True,0,"[0.24419551122647723, 0.2441599062761718, 0.24417792751432751, 0.24419236351555762, 0.2441355993938493, 0.24418965816018254, 0.24418292124746158, 0.244151794360661]"
weak_mixture,64,8,2048,42,True,0,"[0.24161484382675663, 0.24167135755323335, 0.2416614866044521, 0.24163857323798385, 0.2416753597079475, 0.24164574948285544, 0.24165644255926225, 0.24167349200568336]"
weak_mixture,64,8,2048,43,True,0,"[0.23920618211532194, 0.23917529969226614, 0.239190930782005, 0.23920345194906903, 0.23915421619429633, 0.23920110545322573, 0.23919526215104253, 0.23916826356853052]"
weak_mixture,64,8,2048,44,True,0,"[0.23673695753780594, 0.2367857388713507, 0.23677721869744298, 0.23675744055024145, 0.2367891933332882, 0.2367636349236515, 0.23677286486431662, 0.236787581226827]"
weak_mixture,64,8,2048,45,True,0,"[0.23442611658612475, 0.23439959950419914, 0.2344130211914295, 0.23442377237347872, 0.23438149573773637, 0.2344217575877638, 0.23441674029669093, 0.23439355784086516]"
weak_mixture,64,8,2048,46,True,0,"[0.23207320635655743, 0.23211485440338808, 0.23210758029597311, 0.23209069441641536, 0.23211780363426002, 0.2320959829923413, 0.23210386317977025, 0.23211642730724807]"
weak_mixture,64,8,2048,47,True,0,"[0.22986554074024437, 0.22984304289388266, 0.22985443032246422, 0.22986355187177404, 0.22982768274159976, 0.22986184249014607, 0.22985758570963885, 0.22983791687701388]"
weak_mixture,64,8,2048,48,True,0,"[0.22763229111312094, 0.2276673833690479, 0.22766125440460455, 0.22764702661004999, 0.2276698682947628, 0.22765148271863578, 0.22765812244256414, 0.22766870864765568]"
weak_mixture,64,8,2048,49,True,0,"[0.22553169388684263, 0.2255128832667406, 0.22552240445170768, 0.2255300310012255, 0.22550004020739145, 0.22552860179005813, 0.22552504268892481, 0.22550859728734465]"
weak_mixture,64,8,2048,50,True,0,"[0.22342014730452453, 0.22344923536670636, 0.22344415515484087, 0.22343236176978395, 0.22345129507407208, 0.2234360554527802, 0.2234415590990609, 0.22345033386566968]"
weak_mixture,64,8,2048,51,True,0,"[0.221429255035972, 0.2214138157896996, 0.22142163057380998, 0.22142789020201062, 0.22140327430711818, 0.2214267171565488, 0.2214237959626674, 0.22141029791374947]"
weak_mixture,64,8,2048,52,True,0,"[0.21944035468961293, 0.21946396145416405, 0.21945983862622256, 0.2194502676179213, 0.21946563299288782, 0.21945326527280948, 0.2194577317934903, 0.21946485293272455]"
weak_mixture,64,8,2048,53,True,0,"[0.21756073728727843, 0.21754837098625607, 0.21755463039817066, 0.2175596441157318, 0.2175399274367911, 0.21755870455624216, 0.21755636479608723, 0.2175455532439518]"
weak_mixture,64,8,2048,54,True,0,"[0.21569451245743648, 0.2157131305378419, 0.21570987902223554, 0.21570233064132358, 0.21571444880901194, 0.2157046948204512, 0.21570821743486135, 0.21571383360939733]"
weak_mixture,64,8,2048,55,True,0,"[0.21392684562354597, 0.2139172718854418, 0.21392211782414292, 0.21392599932197562, 0.21391073492542834, 0.2139252719409049, 0.21392346055710912, 0.2139150904136444]"
weak_mixture,64,8,2048,56,True,0,"[0.21218257680563593, 0.21219666793138536, 0.2121942070576943, 0.21218849408136384, 0.21219766564537465, 0.21219028341555873, 0.21219294949686698, 0.2121972000410257]"
weak_mixture,64,8,2048,57,True,0,"[0.2105267961496428, 0.2105197527494714, 0.2105233179274813, 0.21052617353205372, 0.21051494341360236, 0.21052563840234856, 0.2105243057745266, 0.21051814781762218]"
weak_mixture,64,8,2048,58,True,0,"[0.20890315995280592, 0.2089131551360681, 0.2089114096050304, 0.20890735726883086, 0.20891386282480925, 0.20890862648853656, 0.20891051759562665, 0.20891353256711845]"
weak_mixture,64,8,2048,59,True,0,"[0.20735859669396253, 0.2073538392798891, 0.2073562473665907, 0.20735817615551244, 0.2073505907896086, 0.20735781470890546, 0.2073569145996873, 0.20735275522585386]"
weak_mixture,64,8,2048,60,True,0,"[0.20585379119463657, 0.20586009148240095, 0.2058589912336931, 0.20585643692599817, 0.2058605375530979, 0.20585723695675814, 0.20585842897685078, 0.2058603293850553]"
weak_mixture,64,8,2048,61,True,0,"[0.2044192900134251, 0.20441659152603037, 0.2044179574411157, 0.2044190514789277, 0.20441474889530234, 0.20441884646170203, 0.20441833590667063, 0.20441597662432845]"
weak_mixture,64,8,2048,62,True,0,"[0.20303114170164205, 0.20303411935944302, 0.2030335993641494, 0.2030323921456783, 0.20303433017880718, 0.20303277025842728, 0.20303333363134732, 0.20303423179568647]"
weak_mixture,64,8,2048,63,True,0,"[0.2017051617186892, 0.20170431159609806, 0.2017047419114497, 0.20170508657219668, 0.20170373109078218, 0.20170502198468868, 0.20170486114182487, 0.20170411787729914]"
weak_mixture,64,8,2048,64,True,0,"[0.20043121544701328, 0.2004312154470134, 0.20043121544701348, 0.2004312154470134, 0.20043121544701334, 0.20043121544701314, 0.20043121544701353, 0.20043121544701334]"
