batch,cell_id,dataset_seed,eta_total,factor_calls,family,full_particles,ks_mean,line,log_normalizer,mean_absolute_error,method,minimum_ess_fraction,particles,phase,poisson_events,positive_mass_error,preparation_calls,projection_seed,randomized_particles,repeat,resampling_count,seconds,seconds_including_preparation,seed,setting_id,sign_joint_tv,sliced_reference_samples,sliced_w1_32,standardized_offdiagonal_second_rms,status,steps,table_nodes,training_seed,true_ks_mean,true_mean_absolute_error,true_positive_mass_error,true_variance_relative_error,true_w1_mean,variance_relative_error,w1_mean
4,0,200,1.0,268435456,learned,0,0.05642223668060933,explore,85.56106230614466,0.009947190209998777,full,0.07557437221360681,8192,development,0,0.0014765489108505086,0,20260921,0,0,78,0.7098675444722176,0.7098675444722176,21012010,explore_00,0.011811943900658645,32768,0.012243140339477356,0.04056705552543647,completed,512,129,0,0.05902394668606069,0.011096397234861718,0.0012527500834668636,0.18864422616517618,0.013527818542738539,0.18864422398080677,0.013050519152877381
4,1,200,1.0,16777216,learned,0,0.47021424912845466,explore,1344.818659787705,0.12327863183310347,tail_fixed,0.00012249917867596444,8192,development,0,0.00233112234752042,0,20260921,0,0,156,0.6332922577857971,0.6332922577857971,21012010,explore_01,0.018648531394019577,32768,0.1344257207001744,1.9969739744621766,completed,512,129,0,0.47942434753341434,0.12526373353091694,0.002107323520136775,0.5766055967952206,0.1321791761908289,0.5768719542664562,0.1304373311459072
4,2,200,1.0,2129920,learned,0,0.06582881894641449,explore,80.59000112596536,0.013933828953895902,surrogate_only,0.08892667142193007,8192,development,0,0.0015941626783783772,2129920,20260921,0,0,77,0.8199780397117138,0.8199780397117138,21012010,explore_02,0.012752854040881407,32768,0.015232762467872835,0.05534613668163423,completed,512,65,0,0.06586384704340302,0.013735451725452773,0.0013703638509947322,0.17347797189516445,0.016252873098251505,0.17343701536310865,0.016549705579131553
4,3,200,1.0,270565376,learned,4194304,0.05591871749958871,explore,89.78902803151755,0.00996633963824737,surrogate_full,0.00961485968092103,8192,development,0,0.0015932371692274757,2129920,20260921,0,0,82,1.6462416723370552,1.6462416723370552,21012010,explore_03,0.012745449967674308,32768,0.014878898766678798,0.05063034686503494,completed,512,65,0,0.06670709132098988,0.012796272452623773,0.0013694383418438308,0.1764649546834791,0.015938668139848452,0.1764022499758837,0.013592530380622475
4,4,200,1.0,44483328,learned,635853,0.07186712645678842,explore,83.70216746240241,0.013191542971951794,certified,0.11951002471811988,8192,development,1658816,0.0011194463916450147,2129920,20260921,3558451,0,77,1.5046409144997597,1.5046409144997597,21012010,explore_04,0.008955123747016073,32768,0.018263906808655465,0.02825609914528124,completed,512,65,0,0.06403060401123849,0.010584753706854293,0.0008956475642613697,0.21792333668082986,0.015284468316823408,0.21785277246603482,0.016310154634003076
4,5,200,4.0,34593714,learned,479103,0.0632787974298862,explore,85.99695869619518,0.011052599156526299,certified,0.08849866130498954,8192,development,1801202,0.0017707833164741457,2129920,20260921,3715201,0,78,1.4938558898866177,1.4938558898866177,21012010,explore_05,0.014165819145650458,32768,0.0140713732283444,0.0325747837034751,completed,512,65,0,0.05482597143427555,0.008354278893827928,0.0015469844890905007,0.20652411940524215,0.01281502101618922,0.20645991309761247,0.014053743946679327
4,6,200,1.0,4227072,learned,0,0.0689691113835039,explore,91.99353740093571,0.01292830049680465,surrogate_only,0.06248677618988778,8192,development,0,0.00113486253573282,4227072,20260921,0,0,83,0.8253169022500515,0.8253169022500515,21012010,explore_06,0.009078452899716002,32768,0.016080657182090667,0.04571277181471741,completed,512,129,0,0.06053835426010763,0.010652610125953848,0.000911063708349175,0.18942869086303815,0.014979246354402717,0.189571337826969,0.016992301102797463
4,7,200,1.0,272662528,learned,4194304,0.0830484133098976,explore,86.54031219924401,0.01898586912418017,surrogate_full,0.07237632693816366,8192,development,0,0.0013919298926659395,4227072,20260921,0,0,78,1.6499812975525856,1.6499812975525856,21012010,explore_07,0.011134991755184407,32768,0.020192257355811746,0.13936615174028155,completed,512,129,0,0.08863831155827909,0.020987331431614683,0.0011681310652822945,0.14323566020541798,0.02199374521476924,0.14567102843000182,0.020895558227019696
4,8,200,1.0,23255502,learned,258376,0.18819165745381478,explore,88.16168367410313,0.04570195727999659,certified,0.0902677604109585,8192,development,2492366,0.002080379654116218,4227072,20260921,3935928,0,80,1.4583760052919388,1.4583760052919388,21012010,explore_08,0.016642589846784885,32768,0.03598738497053981,0.25114933404175144,completed,512,129,0,0.18925324565164134,0.04643312815764242,0.001856580826732573,0.2204075917400116,0.04707806169088172,0.22021498116411392,0.04694477125681247
4,9,200,4.0,6830850,learned,2487,0.0502770510581088,explore,84.62111612346267,0.007716799414726368,certified,0.07641394896322896,8192,development,2444610,0.001686686424504918,4227072,20260921,4191817,0,79,1.4255175329744816,1.4255175329744816,21012010,explore_09,0.013493044009892922,32768,0.01229183931198732,0.028697904413239033,completed,512,129,0,0.058007322822113544,0.010114301154286038,0.001462887597121273,0.20322908451359378,0.01287018972990308,0.20315119126891046,0.01222862139171508
4,10,201,1.0,268435456,learned,0,0.1650789629360287,explore,157.13573425443215,0.038711593988869517,full,0.08849797661513147,8192,development,0,0.012418908486172333,0,20260921,0,0,83,0.7082508392632008,0.7082508392632008,21012020,explore_00,0.08812916167789328,32768,0.036871924680131306,0.22201563476460193,completed,512,129,0,0.1512219675592341,0.0343641213263783,0.014038412684842698,0.1944720344229286,0.037007231017549436,0.19710727949525764,0.04009016594139528
4,11,201,1.0,16777216,learned,0,0.6478134742734096,explore,3389.7331980865742,0.1661368880878027,tail_fixed,0.00012207031716077182,8192,development,0,0.03643304842851644,0,20260921,0,0,191,0.6344999670982361,0.6344999670982361,21012020,explore_01,0.27841276744533094,32768,0.16525114918798334,3.081943787058815,completed,512,129,0,0.653454579823461,0.1672933326203641,0.038052552627186806,0.7673471242911282,0.17463897807713324,0.7678932236931704,0.17316736789730502
4,12,201,1.0,2129920,learned,0,0.08887177737754298,explore,159.13830037839176,0.020828182831088636,surrogate_only,0.11543550680101533,8192,development,0,0.009612444114239647,2129920,20260921,0,0,82,0.8377072624862194,0.8377072624862194,21012020,explore_02,0.07327766414399124,32768,0.022807313970165114,0.05045665951654211,completed,512,65,0,0.0901004711899955,0.020934071028226295,0.007318984043607691,0.17996662916422768,0.022870808398237782,0.182911353477327,0.02216727886287386
4,13,201,1.0,270565376,learned,4194304,0.05710636862151876,explore,155.11620627568377,0.012145683404372101,surrogate_full,0.09715710456334622,8192,development,0,0.004629178427161873,2129920,20260921,0,0,82,1.6309321448206902,1.6309321448206902,21012020,explore_03,0.03375194608769343,32768,0.014952939282028753,0.06731121336979805,completed,512,65,0,0.07392492843351356,0.016720865771655963,0.0023357183565299168,0.1489480620023897,0.018621062640090523,0.1522849513055344,0.014345902364148459
4,14,201,1.0,44870483,learned,642030,0.05301396407414677,explore,154.55303508902654,0.008992780878639845,certified,0.1400520652554082,8192,development,1650643,0.0070871427773306715,2129920,20260921,3552274,0,81,1.5165029279887676,1.5165029279887676,21012020,explore_04,0.053661421687093404,32768,0.012622819575932004,0.04680567514354413,completed,512,65,0,0.06598131141689736,0.013783012953014574,0.004793682706698716,0.18700584485338884,0.016894435441148777,0.1850574050809261,0.01292573893946948
4,15,201,4.0,35090418,learned,486990,0.06798050230830308,explore,157.48206347412676,0.01456474047611129,certified,0.07054228937193198,8192,development,1793138,0.009227998008229607,2129920,20260921,3707314,0,82,1.4879735298454762,1.4879735298454762,21012020,explore_05,0.07592373884704953,32768,0.017255896583445087,0.037059763058667615,completed,512,65,0,0.06984310196142651,0.014779798985290239,0.007608323958028957,0.17631742659669492,0.017500961751719904,0.17927506244320934,0.016306329840722156
4,16,201,1.0,4227072,learned,0,0.07203629053864209,explore,156.31133647616772,0.015208709755433569,surrogate_only,0.06943349814052831,8192,development,0,0.0066127949775868335,4227072,20260921,0,0,82,0.758142963051796,0.758142963051796,21012020,explore_06,0.048736031938210425,32768,0.01831438664227132,0.05539523684537526,completed,512,129,0,0.0734237175796271,0.015479120690737758,0.004319334906954878,0.16425259186027957,0.018082411626313112,0.16736195317128533,0.017262897263865457
4,17,201,1.0,272662528,learned,4194304,0.06326169808983467,explore,156.7746751612787,0.01281751308129001,surrogate_full,0.1239922072675224,8192,development,0,0.004478957574053902,4227072,20260921,0,0,83,1.6347543820738792,1.6347543820738792,21012020,explore_07,0.03166848065272589,32768,0.017666062960382013,0.05073224176881414,completed,512,129,0,0.0717504152142654,0.015423257843680371,0.002185497503421946,0.1686020785034483,0.018029727912995067,0.1719918784776745,0.01610320080159948
4,18,201,1.0,24197949,learned,274457,0.06394034243557914,explore,157.8401942236183,0.011138935224758955,certified,0.05047752722600437,8192,development,2405629,0.0038603531026256315,4227072,20260921,3919847,0,84,1.4837476648390293,1.4837476648390293,21012020,explore_08,0.02459966932585193,32768,0.01303979684552751,0.08060235612262935,completed,512,129,0,0.07406435644174245,0.014293256343774121,0.005479857301295997,0.1356997054658554,0.01739922872062876,0.14062563933222041,0.014865342404666013
4,19,201,4.0,7091811,learned,4036,0.06289398941746134,explore,157.80927526159434,0.012537130316864088,certified,0.05096367810423624,8192,development,2606435,0.011077235601936306,4227072,20260921,4190268,0,83,1.4302850291132927,1.4302850291132927,21012020,explore_09,0.08393690550089397,32768,0.015310183253401062,0.050439135864922706,completed,512,129,0,0.06375854952354491,0.012913369176279886,0.00878377553130435,0.1694545827109422,0.016054661413596967,0.1725366523894409,0.014444796663922465
4,20,202,1.0,268435456,learned,0,0.053726424698972666,explore,104.3582639716487,0.008846265621885972,full,0.07030143229723011,8192,development,0,0.0024376714959334963,0,20260921,0,0,81,0.7107205800712109,0.7107205800712109,21012030,explore_00,0.018117959519954117,32768,0.011936506498806274,0.030682428136059526,completed,512,129,0,0.06005038109872514,0.011060520063170548,0.0023344380750385026,0.1930550955458525,0.014234223892267698,0.19484234310783682,0.012737911760271363
4,21,202,1.0,16777216,learned,0,0.5502348717315535,explore,2622.2975122247212,0.1499352302562469,tail_fixed,0.00012207031250801616,8192,development,0,0.034586474350440294,0,20260921,0,0,173,0.6392961144447327,0.6392961144447327,21012030,explore_01,0.27371854288216546,32768,0.14381311757288034,2.7242536588821116,completed,512,129,0,0.5503355228424174,0.15008111066190472,0.0344832409295453,0.6752548338294198,0.15914891227557576,0.6752920104712185,0.15892539605713069
4,22,202,1.0,2129920,learned,0,0.07555350312961867,explore,102.05118526968297,0.015938997701222153,surrogate_only,0.09321764873107444,8192,development,0,0.0016518885359735006,2129920,20260921,0,0,79,0.7842555865645409,0.7842555865645409,21012030,explore_02,0.013064654723946766,32768,0.017639234125096794,0.04583592086291805,completed,512,65,0,0.07897369646685001,0.01708020900838193,0.0018614996787686081,0.19557781810945485,0.01995432180990515,0.1968513403709719,0.018988584173494624
4,23,202,1.0,270565376,learned,4194304,0.06162472260782988,explore,108.00019591700622,0.013107021431070976,surrogate_full,0.029682371621149114,8192,development,0,0.01162365226345251,2129920,20260921,0,0,82,1.64170291274786,1.64170291274786,21012030,explore_03,0.09018051800917284,32768,0.014885621505609733,0.09379243958213657,completed,512,65,0,0.060750271993246494,0.013252901836728802,0.011520418842557516,0.1708658921512456,0.015662790408686605,0.16937475405192526,0.015801585474493045
4,24,202,1.0,44693729,learned,639392,0.06736983478445904,explore,106.58914152815692,0.01419547794668609,certified,0.10803884518021188,8192,development,1642721,0.0024766549225048616,2129920,20260921,3554912,0,81,1.496999278664589,1.496999278664589,21012030,explore_04,0.017959943804055502,32768,0.015071901264673112,0.048598654372582,completed,512,65,0,0.06842342853195288,0.014341358352343916,0.002373421501609868,0.1623227280469613,0.016990321174107682,0.16390677160840833,0.01621271965649533
4,25,202,4.0,34732756,learned,481375,0.06212740101577814,explore,98.29788264700306,0.012019920670528629,certified,0.022940948333976835,8192,development,1794836,0.003439454454133958,2129920,20260921,3712929,0,77,1.386143509298563,1.386143509298563,21012030,explore_05,0.025523179241124197,32768,0.014087763272745482,0.07855117831264176,completed,512,65,0,0.07009036755852703,0.014655862584461854,0.0033362210332389644,0.1535875076738715,0.01790106270357289,0.1552872945766277,0.01641977770945587
4,26,202,1.0,4227072,learned,0,0.06037907520237633,explore,107.3180819202661,0.011436245421552272,surrogate_only,0.07244433391919824,8192,development,0,0.0031322488322922558,4227072,20260921,0,0,83,0.884696688503027,0.884696688503027,21012030,explore_06,0.023500382873878296,32768,0.01335218749369554,0.039915567541492496,completed,512,129,0,0.06402931788033396,0.012576060738274338,0.003029015411397262,0.19293529419420863,0.015724781698568523,0.19451575187103354,0.014531648273923996
4,27,202,1.0,272662528,learned,4194304,0.06674526189952718,explore,103.37544938887766,0.013270403812998953,surrogate_full,0.09810773011808872,8192,development,0,0.009246601286715209,4227072,20260921,0,0,79,1.6392896436154842,1.6392896436154842,21012030,explore_07,0.07112373953465459,32768,0.01505984345499579,0.04982337060831234,completed,512,129,0,0.06718251749372925,0.013522739454791604,0.009143367865820215,0.18626732751468258,0.01660530822006459,0.18814633504197076,0.015992633528008324
4,28,202,1.0,23511778,learned,262547,0.06507790485660532,explore,106.89001656805746,0.014299439554425312,certified,0.10305259702521659,8192,development,2481698,0.009532280805559568,4227072,20260921,3931757,0,80,1.485904112458229,1.485904112458229,21012030,explore_08,0.0736173151958664,32768,0.016676654462431266,0.04340014998491344,completed,512,129,0,0.06489095621866554,0.014445319960083136,0.009429047384664574,0.16732968055528857,0.01629935012340131,0.16908948166168006,0.016704542444843047
4,29,202,4.0,6920162,learned,3052,0.08467202502911042,explore,101.9127083461887,0.018268196222544032,certified,0.11550043573652641,8192,development,2497762,0.009697545159113535,4227072,20260921,4191252,0,77,1.5637227557599545,1.5637227557599545,21012030,explore_09,0.07692563133741188,32768,0.02028293447446483,0.11780947533098854,completed,512,129,0,0.08961130359758865,0.019676650692089823,0.009594311738218541,0.1738745671023762,0.02183601598072918,0.17687449979361913,0.020112299104659122
4,30,203,1.0,268435456,learned,0,0.06160157758305157,explore,166.4679187417659,0.011689114719491439,full,0.03339644391390219,8192,development,0,0.0042180057239551896,0,20260921,0,0,85,0.7158599272370338,0.7158599272370338,21012040,explore_00,0.03374404579162198,32768,0.013408275073724378,0.036234696153988846,completed,512,129,0,0.058102350721674564,0.01054420967540149,0.0036697911157383047,0.19863701344236123,0.013189317559688083,0.20205539559082208,0.013655292040741828
4,31,203,1.0,16777216,learned,0,0.4879930433483149,explore,3192.3214920249497,0.11672200339551278,tail_fixed,0.0001220703156804941,8192,development,0,0.006237948848627936,0,20260921,0,0,199,0.6455539017915726,0.6455539017915726,21012040,explore_01,0.04990359078900421,32768,0.11987015829696018,1.5304776301605347,completed,512,129,0,0.48510912323456157,0.11667546651372195,0.005689734240411051,0.5063546891288306,0.12341166378301091,0.5073576973603744,0.12368302406718773
4,32,203,1.0,2129920,learned,0,0.07897953519761931,explore,166.220146036472,0.015731800238534363,surrogate_only,0.05460937774093679,8192,development,0,0.0029665869192865117,2129920,20260921,0,0,89,0.8346025608479977,0.8346025608479977,21012040,explore_02,0.023732695354275368,32768,0.019757607406026213,0.0782058876318403,completed,512,65,0,0.07912867770934441,0.015853471536079113,0.002418372311069627,0.19912395325601695,0.019745859962658773,0.20220538912173117,0.01916515310016974
4,33,203,1.0,270565376,learned,4194304,0.07136448310771061,explore,166.45718904767853,0.01491408290241477,surrogate_full,0.07542841482314638,8192,development,0,0.002392003710473505,2129920,20260921,0,0,86,1.636818639934063,1.636818639934063,21012040,explore_03,0.019136029683770404,32768,0.01508436231654333,0.04189538413965531,completed,512,65,0,0.06813034728842698,0.013769177858324821,0.00184378910225662,0.1767713320593428,0.015920858055062614,0.18010880778543123,0.01698478346588552
4,34,203,1.0,45335395,learned,649637,0.07914388896229835,explore,161.09740071062188,0.017456661750646363,certified,0.09031055759402928,8192,development,1628707,0.002708980845165925,2129920,20260921,3544667,0,84,1.518415316939354,1.518415316939354,21012040,explore_04,0.02167184676131142,32768,0.01642795432733532,0.047970232987614665,completed,512,65,0,0.07292420880335501,0.015806471929560063,0.00216076623694904,0.1828803919661921,0.01777687252436424,0.18595062414605407,0.019028975542363328
4,35,203,4.0,35674174,learned,496655,0.06475596862715022,explore,162.47499154965942,0.012621226057536052,certified,0.07341525309649231,8192,development,1758334,0.0035576133133564504,2129920,20260921,3697649,0,86,1.4289085417985916,1.4289085417985916,21012040,explore_05,0.02846090650683414,32768,0.015858442696729848,0.03132376298299617,completed,512,65,0,0.07016008923707229,0.014487775721211446,0.0030093987051395656,0.19469111779569087,0.01669334332048619,0.19811416912833799,0.015005431084148754
4,36,203,1.0,4227072,learned,0,0.094704367736417,explore,163.05642849993154,0.020896938631797052,surrogate_only,0.09715436855644213,8192,development,0,0.003480266877390786,4227072,20260921,0,0,85,0.8265763483941555,0.8265763483941555,21012040,explore_06,0.02784213501910819,32768,0.01948736774543034,0.07582530691409409,completed,512,129,0,0.09152116022261506,0.019752033587707104,0.002932052269173901,0.17719727893197512,0.022195164010161583,0.18025708036163665,0.02252095240698796
4,37,203,1.0,272662528,learned,4194304,0.07407437303208451,explore,169.8064630419379,0.015409508279744882,surrogate_full,0.014863922215622183,8192,development,0,0.0022398014321973,4227072,20260921,0,0,87,1.561374232172966,1.561374232172966,21012040,explore_07,0.017918411457562674,32768,0.017191986785010674,0.04399213312338209,completed,512,129,0,0.07266491869689827,0.015222661108382933,0.0016915868239804153,0.18563940999122067,0.017220182402403,0.1891218857570708,0.017718271530278773
4,38,203,1.0,25297400,learned,293309,0.06303614490449341,explore,163.69727158147643,0.012599605370276719,certified,0.04254113484967909,8192,development,2298552,0.0022423556250648546,4227072,20260921,3900995,0,85,1.494833555072546,1.494833555072546,21012040,explore_08,0.01793884500050351,32768,0.013122271987661863,0.04657664066141228,completed,512,129,0,0.0624389451916459,0.012256684570614976,0.0016941410168479698,0.1709762616319918,0.014211037767311412,0.17446236367451556,0.01471052289782231
4,39,203,4.0,7452787,learned,6584,0.07311510221167478,explore,164.58741352348576,0.015046711976354637,certified,0.004309904832244612,8192,development,2804339,0.0037188325540808446,4227072,20260921,4187720,0,85,1.3406884707510471,1.3406884707510471,21012040,explore_09,0.029750660432629614,32768,0.01679215894219715,0.048198084834007074,completed,512,129,0,0.07468051292798805,0.01559250290942903,0.0031706179458639598,0.17748206211411166,0.019505027698248294,0.18072753309400102,0.018973757948959426
4,40,200,1.0,268435456,learned,0,0.06612248846951116,explore,81.24771513680739,0.013323199018045559,full,0.02702504715948503,8192,development,0,0.0009062889569106966,0,20260921,0,0,77,0.6770964153110981,0.6770964153110981,21022010,explore_00,0.007249764171792203,32768,0.01583945262440398,0.03943109296337345,completed,512,129,1,0.06001488355538076,0.011477847050161062,0.0009873777640128248,0.16377744061862357,0.014221357603070948,0.16813809021264958,0.015559303573107239
4,41,200,1.0,16777216,learned,0,0.6060065242960769,explore,1341.3467775226022,0.15052074595498757,tail_fixed,0.00012207044201951133,8192,development,0,0.0020262347130347025,0,20260921,0,0,153,0.6042008176445961,0.6042008176445961,21022010,explore_01,0.01620933022078626,32768,0.13557419258166697,2.2756144346342166,completed,512,129,1,0.60565809275616,0.14933691045524783,0.0021073235201368307,0.6778834168498795,0.1510343316805265,0.6793476660921998,0.1524680359884807
4,42,200,1.0,2129920,learned,0,0.07455398959646636,explore,85.96051795016118,0.0164643639489723,surrogate_only,0.03168195556806193,8192,development,0,0.001417322078262252,2129920,20260921,0,0,78,0.832829050719738,0.832829050719738,21022010,explore_02,0.011338029142606338,32768,0.01792402834272344,0.0589174595468155,completed,512,65,1,0.06915369072724184,0.01477372134328555,0.0014984108853643803,0.17582949053744817,0.017000489275123314,0.17981311395387908,0.017591005718321548
4,43,200,1.0,270565376,learned,4194304,0.06722123244346355,explore,80.23489421581938,0.013825591561097278,surrogate_full,0.04673175330239911,8192,development,0,0.0009271933004763129,2129920,20260921,0,0,74,1.641386691480875,1.641386691480875,21022010,explore_03,0.0073842652212682686,32768,0.016040586799178115,0.05291825248876479,completed,512,65,1,0.06207083457347382,0.012359813388925216,0.0008447426743319287,0.17482912328151598,0.015347463079173316,0.17890746093068766,0.016542576369538216
4,44,200,1.0,43945038,learned,627223,0.05961121022343319,explore,87.12433683054196,0.010451912145318064,certified,0.07614116160737394,8192,development,1672846,0.001232464018515511,2129920,20260921,3567081,0,81,1.4925846010446548,1.4925846010446548,21022010,explore_04,0.009859164664631504,32768,0.015041486305706647,0.05039724999250375,completed,512,65,1,0.05766005432023369,0.009546090547028138,0.001313552825617639,0.1999852402355044,0.013706375331976581,0.2040765879509699,0.013775986367835672
4,45,200,4.0,33942351,learned,468644,0.046990902900237816,explore,88.92162772025844,0.006157437723750325,certified,0.07024847721604184,8192,development,1819215,0.0009295893295178416,2129920,20260921,3725660,0,82,1.5017933994531631,1.5017933994531631,21022010,explore_05,0.007436167152653411,32768,0.011673234798482403,0.03470980993451505,completed,512,65,1,0.04127153581445315,0.004234468553941613,0.0010106781366199698,0.1992154103993064,0.010829802290267893,0.20344369748958507,0.011353779793160573
4,46,200,1.0,4227072,learned,0,0.06191712190557759,explore,84.08749314897312,0.011458625452449248,surrogate_only,0.027943057650634297,8192,development,0,0.0006195911006097578,4227072,20260921,0,0,79,0.8208558820188046,0.8208558820188046,21022010,explore_06,0.004956181321387095,32768,0.014022182295578636,0.04712703416770973,completed,512,129,1,0.06369432147379656,0.012029877313753237,0.000700679907711886,0.17885301991124458,0.014932929281024637,0.18294036798305396,0.014435810955481897
4,47,200,1.0,272662528,learned,4194304,0.06556156825680903,explore,84.34316355665429,0.013063106822773164,surrogate_full,0.054700389823139135,8192,development,0,0.0006061906702006252,4227072,20260921,0,0,79,1.6227850876748562,1.6227850876748562,21022010,explore_07,0.004848977878112745,32768,0.01590928410424287,0.04521242577275776,completed,512,129,1,0.05416391445566504,0.009660749913109706,0.0006872794773027534,0.18668968961114435,0.012852206151167233,0.19065604592283814,0.015304962368050012
4,48,200,1.0,21753722,learned,232437,0.04765965761465916,explore,83.37202382603814,0.006222979377569708,certified,0.04265130238838679,8192,development,2650682,0.0007016291666500818,4227072,20260921,3961867,0,76,1.4000655300915241,1.4000655300915241,21022010,explore_08,0.005612485849709111,32768,0.012034594031721888,0.030465299934314013,completed,512,129,1,0.04618847296166777,0.00570603112793458,0.00078271797375221,0.217097294514432,0.011125901298247169,0.22097264206829748,0.011849148725797402
4,49,200,4.0,6520221,learned,1082,0.0747231729708398,explore,80.33743272224336,0.015094853940473999,certified,0.05587285339769824,8192,development,2223901,0.0013347109476591129,4227072,20260921,4193222,0,76,1.4267444126307964,1.4267444126307964,21022010,explore_09,0.01067714009777924,32768,0.021676297444223575,0.06158772487082006,completed,512,129,1,0.07419994774970097,0.015191990436046698,0.001415799754761241,0.2049043038341365,0.01864194777129173,0.2085789135896017,0.018778350968881644
4,50,201,1.0,268435456,learned,0,0.06478484438425827,explore,154.1411811023933,0.012494732703535669,full,0.044045569795060927,8192,development,0,0.0011404063416800014,0,20260921,0,0,80,0.7062680423259735,0.7062680423259735,21022020,explore_00,0.007824659333193403,32768,0.01601812990245991,0.059088274574405665,completed,512,129,1,0.07062044449524357,0.013708506445736287,0.0027245369162105385,0.15915300684282196,0.016933153973621783,0.16812364536428026,0.015614496214170149
4,51,201,1.0,16777216,learned,0,0.547002446735645,explore,3207.2246901905182,0.14894937552172186,tail_fixed,0.00012207031425108715,8192,development,0,0.023330847930254243,0,20260921,0,0,191,0.6450427956879139,0.6450427956879139,21022020,explore_01,0.1824605905170354,32768,0.1592828634098667,2.5652936054357394,completed,512,129,1,0.5493861973287321,0.15071098600927313,0.02491497850478478,0.598404525406538,0.15737751616927942,0.6017818155122656,0.15610018671529158
4,52,201,1.0,2129920,learned,0,0.08983349826791202,explore,164.2233605019184,0.021417035568416135,surrogate_only,0.04969503867286354,8192,development,0,0.004584765319287386,2129920,20260921,0,0,86,0.8350106850266457,0.8350106850266457,21022020,explore_02,0.02860866596094469,32768,0.019231709857075688,0.06218078601050698,completed,512,65,1,0.0948469572909956,0.02294970512465997,0.00300064665483838,0.15361263589260077,0.02357229576298209,0.15868317409593385,0.022178901841261915
4,53,201,1.0,270565376,learned,4194304,0.06454557581299672,explore,151.85170604602308,0.01167678437715933,surrogate_full,0.046276934867804494,8192,development,0,0.002622709481341449,2129920,20260921,0,0,77,1.6348091699182987,1.6348091699182987,21022020,explore_03,0.01755056579546985,32768,0.015694289109528962,0.02980987110830374,completed,512,65,1,0.06888770193052536,0.012892937114118992,0.004206840055871986,0.18638449191213077,0.01551312504783617,0.194383245946178,0.014699977840289808
4,54,201,1.0,44292702,learned,632808,0.06346077483337409,explore,157.91588065247433,0.010458526093936816,certified,0.08848517337652094,8192,development,1663070,0.008635086219415519,2129920,20260921,3561496,0,83,1.5020144768059254,1.5020144768059254,21022020,explore_04,0.06538867297710005,32768,0.01559493374732046,0.022481533102513957,completed,512,65,1,0.07026066587748592,0.012645675862655581,0.010219216793946056,0.22596374266114297,0.016988423899371802,0.23377538013656307,0.01533875544793301
4,55,201,4.0,34341602,learned,475003,0.06958540142006825,explore,155.23325160344865,0.014641061778537325,certified,0.06751122164137915,8192,development,1811490,0.008623214213249158,2129920,20260921,3719301,0,81,1.4859751090407372,1.4859751090407372,21022020,explore_05,0.06672445246982901,32768,0.01948063264566159,0.05274658082724102,completed,512,65,1,0.07715433538078609,0.01741333792275463,0.010207344787779696,0.18724673734406327,0.01932277397655452,0.19553816290418238,0.017431535226007322
4,56,201,1.0,4227072,learned,0,0.07550803616310926,explore,159.5960860569212,0.015098052083064703,surrogate_only,0.09858638596964199,8192,development,0,0.006940602838755873,4227072,20260921,0,0,81,0.7570916078984737,0.7570916078984737,21022020,explore_06,0.05192875784863023,32768,0.018450864271924185,0.04386208955943278,completed,512,129,1,0.08064740493350148,0.016555748038595844,0.00852473341328641,0.19913658078502494,0.019622160855611623,0.2072267266558866,0.018424330804259682
4,57,201,1.0,272662528,learned,4194304,0.06394550448556457,explore,152.2253109186212,0.012309198178021705,surrogate_full,0.07555035535156525,8192,development,0,0.0025864032277284673,4227072,20260921,0,0,78,1.6323385648429394,1.6323385648429394,21022020,explore_07,0.017102777569847235,32768,0.015245330375194606,0.0428034681362306,completed,512,129,1,0.06980117432570304,0.014342776679543257,0.0042561500594632175,0.19155078571435774,0.0178406617190294,0.1999806891765446,0.015841329476954276
4,58,201,1.0,22966509,learned,253405,0.10805070074768211,explore,160.5514458905931,0.025202421278699354,certified,0.0781679507903001,8192,development,2521517,0.005252756732502673,4227072,20260921,3940899,0,87,1.4755600206553936,1.4755600206553936,21022020,explore_08,0.03346707092764289,32768,0.025443147574973107,0.14719333178476623,completed,512,129,1,0.12058171015999869,0.02882516454147766,0.006922503564237423,0.13165585357523482,0.029603157637341754,0.13664512504878318,0.02638565033851737
4,59,201,4.0,6717754,learned,1773,0.06352302135800264,explore,156.7545277122383,0.013817445779342734,certified,0.09999455513459513,8192,development,2377210,0.007878793928936052,4227072,20260921,4192531,0,84,1.4430776946246624,1.4430776946246624,21022020,explore_09,0.06155749023717383,32768,0.01595140641245731,0.042240508481814605,completed,512,129,1,0.07159202013622956,0.01655292659303578,0.009462924503466589,0.16867657276613263,0.017753234917226315,0.1770827698082461,0.015541642778282336
4,60,202,1.0,268435456,learned,0,0.06299089135384182,explore,111.44204206962131,0.012060734424994503,full,0.04871318040609104,8192,development,0,0.003099553983131183,0,20260921,0,0,83,0.7194116078317165,0.7194116078317165,21022030,explore_00,0.022712711481955937,32768,0.015616351459336207,0.04256159481495373,completed,512,129,1,0.061071716671473306,0.01190188911998103,0.0016873089840225884,0.20352288603141516,0.014924113074434763,0.2058982046768541,0.015239329654847571
4,61,202,1.0,16777216,learned,0,0.5223525363032323,explore,2386.306626315469,0.15200185838392224,tail_fixed,0.00012207032606830848,8192,development,0,0.05696036403367133,0,20260921,0,0,170,0.603184700012207,0.603184700012207,21022030,explore_01,0.4531229671634216,32768,0.15946991351045484,3.023505190305404,completed,512,129,1,0.5233999786411787,0.15135109406174418,0.053291402612935926,0.7313316223083699,0.15923577279225082,0.7317696488881913,0.1608221514929848
4,62,202,1.0,2129920,learned,0,0.07224423501726104,explore,110.25057273809017,0.014906746779340452,surrogate_only,0.08757925353917571,8192,development,0,0.00970993245611604,2129920,20260921,0,0,84,0.8343580812215805,0.8343580812215805,21022030,explore_02,0.07598334804515809,32768,0.015477930784069414,0.044510514142181844,completed,512,65,1,0.05938755127857429,0.01065670922693638,0.006040971035380637,0.20090439710925928,0.01489789292603396,0.2031170140060775,0.01770907915101212
4,63,202,1.0,270565376,learned,4194304,0.0607908566656966,explore,103.15478448701109,0.012559097350311922,surrogate_full,0.04133439572290274,8192,development,0,0.009701665703428862,2129920,20260921,0,0,80,1.6807508170604706,1.6807508170604706,21022030,explore_03,0.0753229633902135,32768,0.014667578390033674,0.044546664544952354,completed,512,65,1,0.05605058765195547,0.011193163893413426,0.013398470437803185,0.15832275670340365,0.014203294115642646,0.16087931538254635,0.015133051142784012
4,64,202,1.0,44062139,learned,629217,0.13512916703652111,explore,103.97132288551511,0.029419283141544426,certified,0.10873066295070424,8192,development,1662331,0.010585949770090475,2129920,20260921,3565087,0,78,1.3959257751703262,1.3959257751703262,21022030,explore_04,0.08212765305477611,32768,0.0365889767978132,0.14102716430921997,completed,512,65,1,0.13031583368995756,0.028152306819555908,0.0069169883493550716,0.2137690456416303,0.03144517162028685,0.21440261751621742,0.03285685613091156
4,65,202,4.0,34305373,learned,474457,0.05154139703914338,explore,109.65612224314626,0.007747403195009845,certified,0.0637927334710169,8192,development,1810205,0.012766051152236528,2129920,20260921,3719847,0,83,1.4784071780741215,1.4784071780741215,21022030,explore_05,0.1002496166982674,32768,0.012230917473441807,0.06934254776484562,completed,512,65,1,0.05459488846227298,0.009832057272638677,0.01646285588661085,0.1801462306265526,0.013883761794124384,0.18567847385469977,0.0130294074349436
4,66,202,1.0,4227072,learned,0,0.05800723363504291,explore,105.92881008442876,0.012270456311120793,surrogate_only,0.13431558071559555,8192,development,0,0.01283476244242427,4227072,20260921,0,0,81,0.8284120857715607,0.8284120857715607,21022030,explore_06,0.10072228954831272,32768,0.015089915292098088,0.055875215635627515,completed,512,129,1,0.05004295247775253,0.010256989269694722,0.009165801021688867,0.1696472570436927,0.012397307356913224,0.17193872158274573,0.014741076056409345
4,67,202,1.0,272662528,learned,4194304,0.05979577622376388,explore,104.02590121297413,0.011443011648586384,surrogate_full,0.03505955830824185,8192,development,0,0.0004610310836956962,4227072,20260921,0,0,81,1.635766588151455,1.635766588151455,21022030,explore_07,0.002378181138881132,32768,0.016321242107464988,0.051737327762952076,completed,512,129,1,0.05724198850424749,0.01127290731071345,0.004157835818070019,0.1810376144556941,0.014535247973096268,0.1834050675092433,0.01562806394232005
4,68,202,1.0,22209809,learned,240407,0.05585043040543751,explore,105.63897094743496,0.011042868051585487,certified,0.09386746144631836,8192,development,2596689,0.002895313456224311,4227072,20260921,3953897,0,80,1.4542832523584366,1.4542832523584366,21022030,explore_08,0.020432215800863376,32768,0.013733090214911136,0.05354795300115525,completed,512,129,1,0.06210588140895615,0.013839056616679262,0.006592118190598634,0.15896099857898516,0.0157457361978746,0.16119966888283682,0.013516318588747082
4,69,202,4.0,6605417,learned,1346,0.06533708517602202,explore,101.29065811384676,0.013092381251834163,certified,0.12910384957927146,8192,development,2292201,0.00408184084591186,4227072,20260921,4192958,0,77,1.4016285836696625,1.4016285836696625,21022030,explore_09,0.030502803066658854,32768,0.014807118609314746,0.03377022498011626,completed,512,129,1,0.059543948198077075,0.011492239807078815,0.0077786455802861835,0.19007850139129528,0.014223617187730048,0.19239384477955013,0.015043959606116791
4,70,203,1.0,268435456,learned,0,0.11440631393849718,explore,162.80967168471972,0.025091969173972974,full,0.06199715100714551,8192,development,0,0.0009268793686119641,0,20260921,0,0,86,0.7077248729765415,0.7077248729765415,21022040,explore_00,0.007415034948884722,32768,0.03139866216455406,0.12876384269117322,completed,512,129,1,0.1233966735138539,0.027923826885309453,0.001327177018596649,0.1711029616203651,0.03014035917328841,0.18247544100881652,0.02720168411633094
4,71,203,1.0,16777216,learned,0,0.5207079538432058,explore,3050.529711766554,0.12266293884067428,tail_fixed,0.0001220703647412835,8192,development,0,0.0063671991833373935,0,20260921,0,0,196,0.6116636097431183,0.6116636097431183,21022040,explore_01,0.05093759346668999,32768,0.12592401889255866,1.7975470351572511,completed,512,129,1,0.5194613812984099,0.12366674267469122,0.0067674968333220785,0.6498379057452097,0.13286011149591406,0.655176270370216,0.13132250114355906
4,72,203,1.0,2129920,learned,0,0.07092555053320876,explore,160.41684484230663,0.012188992016764977,surrogate_only,0.10651501815239592,8192,development,0,0.0012340140238287934,2129920,20260921,0,0,83,0.7592684365808964,0.7592684365808964,21022040,explore_02,0.009872112190621424,32768,0.01660834678575617,0.04051021018722751,completed,512,65,1,0.06327991584527126,0.010029795606843292,0.0016343116738134784,0.20217898420674163,0.014887257891207137,0.2136968960294619,0.016591638183218134
4,73,203,1.0,270565376,learned,4194304,0.08309675629429171,explore,163.60659302514628,0.017623122344588158,surrogate_full,0.10594850958346069,8192,development,0,0.0006402205439262603,2129920,20260921,0,0,88,1.6338739730417728,1.6338739730417728,21022040,explore_03,0.005121764351401728,32768,0.021273527871482255,0.06238661482960063,completed,512,65,1,0.0936022877129279,0.021078603928500028,0.0010405181939109453,0.1819624400795409,0.02273507589508194,0.19346532185440388,0.01978025050427963
4,74,203,1.0,44676202,learned,639127,0.08371276261918995,explore,161.409689051525,0.017971574106409177,certified,0.07461700749016183,8192,development,1642154,0.0013959635277883712,2129920,20260921,3555177,0,83,1.5816757455468178,1.5816757455468178,21022040,explore_04,0.01116770822229813,32768,0.020768834613063707,0.058299126105616085,completed,512,65,1,0.09651890589528342,0.021668966726205916,0.0017962611777730562,0.15808031104437092,0.02282339650088678,0.16964261742345277,0.01907517237572537
4,75,203,4.0,34870791,learned,483698,0.0743303663659582,explore,161.27327946661916,0.01540221266387877,certified,0.10252059129744324,8192,development,1784199,0.0025477632717988957,2129920,20260921,3710606,0,84,1.3835057877004147,1.3835057877004147,21022040,explore_05,0.02038210617438135,32768,0.01748461763525489,0.07496314484674951,completed,512,65,1,0.092912228101246,0.02104178509632894,0.0029480609217835806,0.15815827224164222,0.022951297056727722,0.16998251552794263,0.017977974216122728
4,76,203,1.0,4227072,learned,0,0.06439318402000607,explore,168.61427956471306,0.012475408168678283,surrogate_only,0.0901710290555395,8192,development,0,0.0035949013157265263,4227072,20260921,0,0,88,0.8331048339605331,0.8331048339605331,21022040,explore_06,0.02875921052580278,32768,0.01384448339912803,0.04137145364205705,completed,512,129,1,0.08279737659330211,0.017875377101380457,0.003995198965711211,0.17895867644354585,0.020009855295762803,0.19084097409236525,0.014866021522993496
4,77,203,1.0,272662528,learned,4194304,0.09949354206248673,explore,163.8372575895744,0.020529007456689903,surrogate_full,0.06725969690928679,8192,development,0,0.0029117315099810304,4227072,20260921,0,0,88,1.5615285076200962,1.5615285076200962,21022040,explore_07,0.023293852079838046,32768,0.022913750510530732,0.19957139805827423,completed,512,129,1,0.11060635804163065,0.023344669458214177,0.0033120291599657153,0.2499405804614806,0.02790122105129645,0.2532881815254848,0.02538415291094626
4,78,203,1.0,23868979,learned,268969,0.1379279333365166,explore,165.98822148878767,0.03312064025650711,certified,0.04968313349364447,8192,development,2427891,0.0034891864129220477,4227072,20260921,3925335,0,84,1.4618205912411213,1.4618205912411213,21022040,explore_08,0.027913491303364624,32768,0.03571105890436025,0.17999860666613898,completed,512,129,1,0.1550219971452986,0.037848877388264465,0.0038894840629067327,0.17332927621870337,0.039692325634794905,0.18016822632189455,0.0350115184039093
4,79,203,4.0,6947327,learned,2701,0.058554745843023795,explore,168.064682678377,0.011553656073076932,certified,0.11059590238149634,8192,development,2547391,0.0033264902423301218,4227072,20260921,4191603,0,87,1.4389438219368458,1.4389438219368458,21022040,explore_09,0.026611921938631357,32768,0.014130916312827941,0.051136539111507964,completed,512,129,1,0.07186720898976251,0.016210874485989464,0.0037267878923148067,0.16514824610797374,0.018203812699867955,0.17720130704612727,0.014314843028714084
4,80,-1,1.0,268435456,gaussian,0,0.06183778042454023,explore,190.66654235386125,0.013568162007997916,full,0.06279503015015162,8192,development,0,1.3000722498546224e-08,0,20260921,0,40,88,0.7073305137455463,0.7073305137455463,21000040,explore_00,1.0400577751108456e-07,32768,0.014862981542606485,0.04386518317952609,completed,512,129,-1,,,,,,0.1734384329598481,0.015677522345964603
4,81,-1,1.0,16777216,gaussian,0,0.06183778042454022,explore,190.66654235386127,0.013568162007997916,tail_fixed,0.06279503015015167,8192,development,0,1.3000722498546224e-08,0,20260921,0,40,88,0.6315662264823914,0.6315662264823914,21000040,explore_01,1.0400577751108456e-07,32768,0.014862981542606485,0.043865183179526104,completed,512,129,-1,,,,,,0.1734384329598482,0.015677522345962158
4,82,-1,1.0,2129920,gaussian,0,0.061837780424540294,explore,190.66654235386127,0.013568162007997903,surrogate_only,0.06279503015015167,8192,development,0,1.3000722498546224e-08,2129920,20260921,0,40,88,0.8089736327528954,0.8089736327528954,21000040,explore_02,1.0400577751108456e-07,32768,0.014862981542606485,0.043865183179526084,completed,512,65,-1,,,,,,0.17343843295984823,0.015677522345960624
4,83,-1,1.0,270565376,gaussian,4194304,0.061837780424540294,explore,190.66654235386127,0.013568162007997903,surrogate_full,0.06279503015015167,8192,development,0,1.3000722498546224e-08,2129920,20260921,0,40,88,1.6364411301910877,1.6364411301910877,21000040,explore_03,1.0400577751108456e-07,32768,0.014862981542606485,0.043865183179526084,completed,512,65,-1,,,,,,0.17343843295984823,0.015677522345960624
4,84,-1,1.0,2129920,gaussian,0,0.061837780424540294,explore,190.66654235386127,0.013568162007997903,certified,0.06279503015015167,8192,development,0,1.3000722498546224e-08,2129920,20260921,0,40,88,1.022677507251501,1.022677507251501,21000040,explore_04,1.0400577751108456e-07,32768,0.014862981542606485,0.043865183179526084,completed,512,65,-1,,,,,,0.17343843295984823,0.015677522345960624
4,85,-1,4.0,2129920,gaussian,0,0.061837780424540294,explore,190.66654235386127,0.013568162007997903,certified,0.06279503015015167,8192,development,0,1.3000722498546224e-08,2129920,20260921,0,40,88,1.0990155898034573,1.0990155898034573,21000040,explore_05,1.0400577751108456e-07,32768,0.014862981542606485,0.043865183179526084,completed,512,65,-1,,,,,,0.17343843295984823,0.015677522345960624
4,86,-1,1.0,4227072,gaussian,0,0.061837780424540294,explore,190.66654235386127,0.013568162007997903,surrogate_only,0.06279503015015167,8192,development,0,1.3000722498546224e-08,4227072,20260921,0,40,88,0.8219279311597347,0.8219279311597347,21000040,explore_06,1.0400577751108456e-07,32768,0.014862981542606485,0.043865183179526084,completed,512,129,-1,,,,,,0.17343843295984823,0.015677522345960624
4,87,-1,1.0,272662528,gaussian,4194304,0.061837780424540294,explore,190.66654235386127,0.013568162007997903,surrogate_full,0.06279503015015167,8192,development,0,1.3000722498546224e-08,4227072,20260921,0,40,88,1.6284953616559505,1.6284953616559505,21000040,explore_07,1.0400577751108456e-07,32768,0.014862981542606485,0.043865183179526084,completed,512,129,-1,,,,,,0.17343843295984823,0.015677522345960624
4,88,-1,1.0,4227072,gaussian,0,0.061837780424540294,explore,190.66654235386127,0.013568162007997903,certified,0.06279503015015167,8192,development,0,1.3000722498546224e-08,4227072,20260921,0,40,88,1.1024350002408028,1.1024350002408028,21000040,explore_08,1.0400577751108456e-07,32768,0.014862981542606485,0.043865183179526084,completed,512,129,-1,,,,,,0.17343843295984823,0.015677522345960624
4,89,-1,4.0,4227072,gaussian,0,0.061837780424540294,explore,190.66654235386127,0.013568162007997903,certified,0.06279503015015167,8192,development,0,1.3000722498546224e-08,4227072,20260921,0,40,88,1.107857558876276,1.107857558876276,21000040,explore_09,1.0400577751108456e-07,32768,0.014862981542606485,0.043865183179526084,completed,512,129,-1,,,,,,0.17343843295984823,0.015677522345960624
4,90,-1,1.0,268435456,gaussian,0,0.0540331715132861,explore,188.50385419938917,0.009902770184220991,full,0.04720269208534383,8192,development,0,1.300072272059083e-08,0,20260921,0,41,82,0.710253618657589,0.710253618657589,21000041,explore_00,1.0400577506859391e-07,32768,0.01272528943274312,0.09172771514824386,completed,512,129,-1,,,,,,0.1827670397677106,0.013951519334299504
4,91,-1,1.0,16777216,gaussian,0,0.05403317151328613,explore,188.50385419938922,0.009902770184220991,tail_fixed,0.04720269208534371,8192,development,0,1.300072272059083e-08,0,20260921,0,41,82,0.6310758851468563,0.6310758851468563,21000041,explore_01,1.0400577529063851e-07,32768,0.012725289432743122,0.09172771514824388,completed,512,129,-1,,,,,,0.18276703976771058,0.013951519334299368
4,92,-1,1.0,2129920,gaussian,0,0.054033171513286196,explore,188.50385419938922,0.009902770184220991,surrogate_only,0.047202692085343716,8192,development,0,1.3000722498546224e-08,2129920,20260921,0,41,82,0.818342674523592,0.818342674523592,21000041,explore_02,1.0400577529063851e-07,32768,0.012725289432743116,0.09172771514824388,completed,512,65,-1,,,,,,0.1827670397677106,0.013951519334299292
4,93,-1,1.0,270565376,gaussian,4194304,0.054033171513286196,explore,188.50385419938922,0.009902770184220991,surrogate_full,0.047202692085343716,8192,development,0,1.3000722498546224e-08,2129920,20260921,0,41,82,1.6167655028402805,1.6167655028402805,21000041,explore_03,1.0400577529063851e-07,32768,0.012725289432743116,0.09172771514824388,completed,512,65,-1,,,,,,0.1827670397677106,0.013951519334299292
4,94,-1,1.0,2129920,gaussian,0,0.054033171513286196,explore,188.50385419938922,0.009902770184220991,certified,0.047202692085343716,8192,development,0,1.3000722498546224e-08,2129920,20260921,0,41,82,1.1133714988827705,1.1133714988827705,21000041,explore_04,1.0400577529063851e-07,32768,0.012725289432743116,0.09172771514824388,completed,512,65,-1,,,,,,0.1827670397677106,0.013951519334299292
4,95,-1,4.0,2129920,gaussian,0,0.054033171513286196,explore,188.50385419938922,0.009902770184220991,certified,0.047202692085343716,8192,development,0,1.3000722498546224e-08,2129920,20260921,0,41,82,1.102702308446169,1.102702308446169,21000041,explore_05,1.0400577529063851e-07,32768,0.012725289432743116,0.09172771514824388,completed,512,65,-1,,,,,,0.1827670397677106,0.013951519334299292
4,96,-1,1.0,4227072,gaussian,0,0.054033171513286196,explore,188.50385419938922,0.009902770184220991,surrogate_only,0.047202692085343716,8192,development,0,1.3000722498546224e-08,4227072,20260921,0,41,82,0.8063320741057396,0.8063320741057396,21000041,explore_06,1.0400577529063851e-07,32768,0.012725289432743116,0.09172771514824388,completed,512,129,-1,,,,,,0.1827670397677106,0.013951519334299292
4,97,-1,1.0,272662528,gaussian,4194304,0.054033171513286196,explore,188.50385419938922,0.009902770184220991,surrogate_full,0.047202692085343716,8192,development,0,1.3000722498546224e-08,4227072,20260921,0,41,82,1.628568198531866,1.628568198531866,21000041,explore_07,1.0400577529063851e-07,32768,0.012725289432743116,0.09172771514824388,completed,512,129,-1,,,,,,0.1827670397677106,0.013951519334299292
4,98,-1,1.0,4227072,gaussian,0,0.054033171513286196,explore,188.50385419938922,0.009902770184220991,certified,0.047202692085343716,8192,development,0,1.3000722498546224e-08,4227072,20260921,0,41,82,1.1042810678482056,1.1042810678482056,21000041,explore_08,1.0400577529063851e-07,32768,0.012725289432743116,0.09172771514824388,completed,512,129,-1,,,,,,0.1827670397677106,0.013951519334299292
4,99,-1,4.0,4227072,gaussian,0,0.054033171513286196,explore,188.50385419938922,0.009902770184220991,certified,0.047202692085343716,8192,development,0,1.3000722498546224e-08,4227072,20260921,0,41,82,1.1006667986512184,1.1006667986512184,21000041,explore_09,1.0400577529063851e-07,32768,0.012725289432743116,0.09172771514824388,completed,512,129,-1,,,,,,0.1827670397677106,0.013951519334299292
4,100,-1,1.0,268435456,mixture,0,0.23824414462325955,explore,48.248501301432086,0.5489123977408393,full,0.18187707289615365,8192,development,0,0.22105141948399867,0,20260921,0,40,32,0.7102156467735767,0.7102156467735767,21000040,explore_00,0.9507492597588503,32768,0.6586029387464126,0.5465782803096586,completed,512,129,-1,,,,,,0.34834080406953793,0.5495397571807542
4,101,-1,1.0,16777216,mixture,0,0.6578064470257907,explore,2114.8324459972123,1.3878123894266092,tail_fixed,0.00012301726895833296,8192,development,0,0.5974265564688834,0,20260921,0,40,141,0.6360542997717857,0.6360542997717857,21000040,explore_01,0.9996102019355406,32768,1.3375943643164685,1.6888006786206413,completed,512,129,-1,,,,,,0.993694579688112,1.4718528995828701
4,102,-1,1.0,2129920,mixture,0,0.27382007251124585,explore,47.18162599616994,0.6447968250035242,surrogate_only,0.24927451343332235,8192,development,0,0.25765446297731825,2129920,20260921,0,40,35,0.8296380750834942,0.8296380750834942,21000040,explore_02,0.9148859285902909,32768,0.7175866914792313,0.4239399972660942,completed,512,65,-1,,,,,,0.640900105917485,0.6452980993636732
4,103,-1,1.0,270565376,mixture,4194304,0.30612807927782065,explore,49.45426744290258,0.7284131578667006,surrogate_full,0.13749351093807308,8192,development,0,0.29255085647088896,2129920,20260921,0,40,35,1.6391334161162376,1.6391334161162376,21000040,explore_03,0.966001188772192,32768,0.9597988194260918,0.5843411243205453,completed,512,65,-1,,,,,,0.5841767616189852,0.7300301483624048
4,104,-1,1.0,46441489,mixture,660638,0.12371408730557931,explore,47.30500666817211,0.267355065731429,certified,0.20707350544503358,8192,development,2030737,0.11186969419158173,2129920,20260921,3533666,40,32,1.5377539694309235,1.5377539694309235,21000040,explore_04,0.9108836909496059,32768,0.4657301109033869,0.3736299086123792,completed,512,65,-1,,,,,,0.20333229054738466,0.2732014593759024
4,105,-1,4.0,31461777,mixture,414990,0.5530910570399055,explore,52.89667765985696,1.3154475544615591,certified,0.07713851982984368,8192,development,2772497,0.5319015715292672,2129920,20260921,3779314,40,37,1.5381456911563873,1.5381456911563873,21000040,explore_05,0.9848541757322713,32768,1.281485155731847,1.5177529415974595,completed,512,65,-1,,,,,,0.9112945446048175,1.3181178950177355
4,106,-1,1.0,4227072,mixture,0,0.3831463410120042,explore,48.12685848013345,0.9056147794994195,surrogate_only,0.17270275967571574,8192,development,0,0.3693399049306758,4227072,20260921,0,40,35,0.755464717745781,0.755464717745781,21000040,explore_06,0.9256318734106819,32768,0.9273085489105102,0.8481805165656707,completed,512,129,-1,,,,,,0.6009868351851821,0.905904241031471
4,107,-1,1.0,272662528,mixture,4194304,0.20653936143385337,explore,47.50985629820293,0.48102819834816113,surrogate_full,0.07307760045830196,8192,development,0,0.19296693765898149,4227072,20260921,0,40,34,1.6314129121601582,1.6314129121601582,21000040,explore_07,0.9448935369356328,32768,0.8198521095159532,0.9129246426600703,completed,512,129,-1,,,,,,0.22158651256473816,0.48561110829655274
4,108,-1,1.0,9920046,mixture,28296,0.32439484825776965,explore,49.43467518987635,0.7535787159084165,certified,0.11590198773593648,8192,development,3882030,0.3087824383468859,4227072,20260921,4166008,40,37,1.477547973394394,1.477547973394394,21000040,explore_08,0.9869829083294396,32768,1.0806329139078903,0.7867966902470898,completed,512,129,-1,,,,,,0.5024550403237715,0.7635598281624789
4,109,-1,4.0,5333823,mixture,0,0.19627530726834927,explore,47.62284708267873,0.4525961608456991,certified,0.23867217147990125,8192,development,1106751,0.18457602483192667,4227072,20260921,4194304,40,33,1.3605427481234074,1.3605427481234074,21000040,explore_09,0.8983616092666433,32768,0.6544902394604899,0.44538308003425997,completed,512,129,-1,,,,,,0.4246107484367871,0.4578077817252639
4,110,-1,1.0,268435456,mixture,0,0.4706357943663291,explore,51.52922362546393,1.1297324659215189,full,0.12930534505320054,8192,development,0,0.4512867217655583,0,20260921,0,41,40,0.7104704678058624,0.7104704678058624,21000041,explore_00,0.9953975204328016,32768,1.3910691119907486,1.1056081841476122,completed,512,129,-1,,,,,,0.9880841047160648,1.1298685389179093
4,111,-1,1.0,16777216,mixture,0,0.7123605242158357,explore,2655.3498496692714,1.6719110989371453,tail_fixed,0.00012230515732751613,8192,development,0,0.6948531129377669,0,20260921,0,41,142,0.6297085359692574,0.6297085359692574,21000041,explore_01,0.9999248253264041,32768,1.5186786383807624,2.178220349636767,completed,512,129,-1,,,,,,0.994797513047833,1.6839779424045964
4,112,-1,1.0,2129920,mixture,0,0.21559643684544136,explore,47.64330304304921,0.49073132986766616,surrogate_only,0.1605795405859121,8192,development,0,0.19658494450029074,2129920,20260921,0,41,36,0.9144783392548561,0.9144783392548561,21000041,explore_02,0.9516902396933096,32768,0.650158830027477,0.6823223628999019,completed,512,65,-1,,,,,,0.1139902297332666,0.49142194108692316
4,113,-1,1.0,270565376,mixture,4194304,0.46016190487655945,explore,51.97621629590907,1.1163245477422445,surrogate_full,0.1074878967930415,8192,development,0,0.44883766544519715,2129920,20260921,0,41,41,1.6424023993313313,1.6424023993313313,21000041,explore_03,0.9898034257636725,32768,1.2737110908858986,1.085852366736047,completed,512,65,-1,,,,,,0.9764556557737762,1.116374476259597
4,114,-1,1.0,46444693,mixture,660637,0.23449782334623487,explore,48.776583057658875,0.5455820616348583,certified,0.2336988744389105,8192,development,2034005,0.2208829261405642,2129920,20260921,3533667,41,35,1.538793321698904,1.538793321698904,21000041,explore_04,0.919036785442789,32768,0.7684228241873466,0.4900410110142136,completed,512,65,-1,,,,,,0.4909845768679717,0.5473937435033667
4,115,-1,4.0,31296147,mixture,411934,0.15823484289126294,explore,47.11604915016313,0.3226255937353549,certified,0.19240218198075806,8192,development,2802451,0.1264487238387432,2129920,20260921,3782370,41,35,1.5202323459088802,1.5202323459088802,21000041,explore_05,0.8648545182956289,32768,0.5466960212035956,0.4782979513358658,completed,512,65,-1,,,,,,0.2331293699793327,0.3261281195259701
4,116,-1,1.0,4227072,mixture,0,0.18568612837482432,explore,47.875341827287045,0.43469111106258307,surrogate_only,0.2188761223268903,8192,development,0,0.17678710687964644,4227072,20260921,0,41,36,0.8159417137503624,0.8159417137503624,21000041,explore_06,0.915419737072284,32768,0.6457045231977432,0.5204741268832257,completed,512,129,-1,,,,,,0.347408582830925,0.4358437133275995
4,117,-1,1.0,272662528,mixture,4194304,0.48346366785660166,explore,51.76594160156191,1.1605907817323293,surrogate_full,0.08643914979606936,8192,development,0,0.4697684805434297,4227072,20260921,0,41,38,1.6331042386591434,1.6331042386591434,21000041,explore_07,0.9690267123109905,32768,1.1830959948557518,1.205801385431938,completed,512,129,-1,,,,,,0.858003270347156,1.160737964384393
4,118,-1,1.0,9953061,mixture,29048,0.24517730580004427,explore,49.782849938202354,0.5572346517978456,certified,0.09563477364749326,8192,development,3866917,0.22064780531026618,4227072,20260921,4165256,41,39,1.3663355521857738,1.3663355521857738,21000041,explore_08,0.9212374677905422,32768,0.7042039360168664,0.42902344587317676,completed,512,129,-1,,,,,,0.5513399058833994,0.5581751513080581
4,119,-1,4.0,5334066,mixture,0,0.17986830700948994,explore,47.98052537777156,0.40407535064680516,certified,0.2314757221705226,8192,development,1106994,0.16730054346546008,4227072,20260921,4194304,41,33,1.3509606420993805,1.3509606420993805,21000041,explore_09,0.9338826489492019,32768,0.5947254817121777,0.5190088021206652,completed,512,129,-1,,,,,,0.378436875985564,0.4119646031868184
4,120,-1,1.0,268435456,weak_mixture,0,0.017363705729858386,explore,7.7313457768406035,0.014495323932486762,full,0.47787418484295674,8192,development,0,0.011063830990337559,0,20260921,0,40,4,0.7672758102416992,0.7672758102416992,21000040,explore_00,0.10535942363136504,32768,0.017853584882019984,0.03777362514786202,completed,512,129,-1,,,,,,0.03204485718895077,0.01777564625214401
4,121,-1,1.0,16777216,weak_mixture,0,0.020774789783065524,explore,7.760984903088038,0.017419015925044898,tail_fixed,0.47475137227206443,8192,development,0,0.014731440200279354,0,20260921,0,40,4,0.5892699919641018,0.5892699919641018,21000040,explore_01,0.10298022500371797,32768,0.016722885025281884,0.04313962564619441,completed,512,129,-1,,,,,,0.03617224718218946,0.01975635816904013
4,122,-1,1.0,2129920,weak_mixture,0,0.016505995937202853,explore,7.731364490755086,0.012702531112174481,surrogate_only,0.47788359563212984,8192,development,0,0.010661889059018007,2129920,20260921,0,40,4,0.8179916366934776,0.8179916366934776,21000040,explore_02,0.10587315514659076,32768,0.017809953639380233,0.03677939995537015,completed,512,65,-1,,,,,,0.03611131172511371,0.01734120273260638
4,123,-1,1.0,270565376,weak_mixture,4194304,0.019451843419323104,explore,7.7351423795216965,0.017049226215409635,surrogate_full,0.48567800678766393,8192,development,0,0.015171959714065375,2129920,20260921,0,40,4,1.6350929625332355,1.6350929625332355,21000040,explore_03,0.1075086582804143,32768,0.01889873663654984,0.03342592676777632,completed,512,65,-1,,,,,,0.03245018392515611,0.02038650271188342
4,124,-1,1.0,2130000,weak_mixture,0,0.017106093511193965,explore,7.703320977738692,0.014553424545026106,certified,0.4869575042299283,8192,development,80,0.010561553217977207,2129920,20260921,4194304,40,4,1.2103694640100002,1.2103694640100002,21000040,explore_04,0.10485387759330883,32768,0.017068935232735664,0.03805646382567471,completed,512,65,-1,,,,,,0.03892492395710996,0.01698114800720756
4,125,-1,4.0,2130000,weak_mixture,0,0.017106093511193965,explore,7.703320977738692,0.014553424545026106,certified,0.4869575042299283,8192,development,80,0.010561553217977207,2129920,20260921,4194304,40,4,1.2182689122855663,1.2182689122855663,21000040,explore_05,0.10485387759330883,32768,0.017068935232735664,0.03805646382567471,completed,512,65,-1,,,,,,0.03892492395710996,0.01698114800720756
4,126,-1,1.0,4227072,weak_mixture,0,0.017363697777274752,explore,7.7313564954652465,0.014495144300937061,surrogate_only,0.47787308348124025,8192,development,0,0.011063835561598206,4227072,20260921,0,40,4,0.8124121204018593,0.8124121204018593,21000040,explore_06,0.10535944557969794,32768,0.0178535397978871,0.03777353264952402,completed,512,129,-1,,,,,,0.032045742018942405,0.017775500639639022
4,127,-1,1.0,272662528,weak_mixture,4194304,0.01872342576810829,explore,7.737473095795055,0.015085181432537013,surrogate_full,0.48567978889294355,8192,development,0,0.01057688777560855,4227072,20260921,0,40,4,1.640373568981886,1.640373568981886,21000040,explore_07,0.09752875047636443,32768,0.017079798280015802,0.03475792896790204,completed,512,129,-1,,,,,,0.03113116797940671,0.018063526479373454
4,128,-1,1.0,4227090,weak_mixture,0,0.028497379828891577,explore,7.751839768453569,0.026619376253241234,certified,0.4749213172687245,8192,development,18,0.017553783732327417,4227072,20260921,4194304,40,4,1.181995254009962,1.181995254009962,21000040,explore_08,0.11547536081119728,32768,0.02784655076333455,0.060113561135167075,completed,512,129,-1,,,,,,0.05123524959378921,0.029466054408779405
4,129,-1,4.0,4227090,weak_mixture,0,0.028497379828891577,explore,7.751839768453569,0.026619376253241234,certified,0.4749213172687245,8192,development,18,0.017553783732327417,4227072,20260921,4194304,40,4,1.1918291971087456,1.1918291971087456,21000040,explore_09,0.11547536081119728,32768,0.02784655076333455,0.060113561135167075,completed,512,129,-1,,,,,,0.05123524959378921,0.029466054408779405
4,130,-1,1.0,268435456,weak_mixture,0,0.02419632687874593,explore,7.896398398003375,0.020407887104894603,full,0.474863721172372,8192,development,0,0.018120425035754652,0,20260921,0,41,4,0.7071674652397633,0.7071674652397633,21000041,explore_00,0.09951340912581473,32768,0.02128920780842836,0.026674968007161893,completed,512,129,-1,,,,,,0.05521995820851866,0.024760836979256816
4,131,-1,1.0,16777216,weak_mixture,0,0.02811726496684163,explore,7.923286867162929,0.021290369036650922,tail_fixed,0.477944003315216,8192,development,0,0.020819053782929385,0,20260921,0,41,4,0.6244068406522274,0.6244068406522274,21000041,explore_01,0.11081173682045022,32768,0.024794160982338158,0.028481454874309284,completed,512,129,-1,,,,,,0.04908263973834057,0.024828564805316526
4,132,-1,1.0,2129920,weak_mixture,0,0.024570769612679576,explore,7.8895935752819675,0.021597185167597583,surrogate_only,0.4748607686069052,8192,development,0,0.01945806746040301,2129920,20260921,0,41,4,0.8275050148367882,0.8275050148367882,21000041,explore_02,0.09731365798010211,32768,0.02349893110458734,0.02718394407074854,completed,512,65,-1,,,,,,0.05406821248297196,0.025657559356500367
4,133,-1,1.0,270565376,weak_mixture,4194304,0.03494951427385481,explore,7.968946101465393,0.0323513253674905,surrogate_full,0.4748008940898242,8192,development,0,0.025575461637292123,2129920,20260921,0,41,4,1.6285327188670635,1.6285327188670635,21000041,explore_03,0.11633449308891985,32768,0.03574339788923829,0.08242703687036729,completed,512,65,-1,,,,,,0.07173851826969795,0.03637573568269644
4,134,-1,1.0,2129993,weak_mixture,0,0.028437048827002855,explore,8.034427409550073,0.021926207570942234,certified,0.46662129585500156,8192,development,73,0.019524958561371958,2129920,20260921,4194304,41,5,1.2328535355627537,1.2328535355627537,21000041,explore_04,0.14183083128453955,32768,0.028037528236793372,0.06713802392371097,completed,512,65,-1,,,,,,0.07344230934231222,0.028801684260677096
4,135,-1,4.0,2129993,weak_mixture,0,0.028437048827002855,explore,8.034427409550073,0.021926207570942234,certified,0.46662129585500156,8192,development,73,0.019524958561371958,2129920,20260921,4194304,41,5,1.2143017947673798,1.2143017947673798,21000041,explore_05,0.14183083128453955,32768,0.028037528236793372,0.06713802392371097,completed,512,65,-1,,,,,,0.07344230934231222,0.028801684260677096
4,136,-1,1.0,4227072,weak_mixture,0,0.024186781838088183,explore,7.891130616088656,0.02158543568818231,surrogate_only,0.4748629836759508,8192,development,0,0.019186650601920534,4227072,20260921,0,41,4,0.7474182136356831,0.7474182136356831,21000041,explore_06,0.09827693506223005,32768,0.023192492162030443,0.02714750970077611,completed,512,129,-1,,,,,,0.05140142377048891,0.02521176059424531
4,137,-1,1.0,272662528,weak_mixture,4194304,0.02511660056588901,explore,7.895506378152809,0.021199331604662038,surrogate_full,0.474863295877699,8192,development,0,0.019081252901728477,4227072,20260921,0,41,4,1.6415204592049122,1.6415204592049122,21000041,explore_07,0.10070824051752013,32768,0.02225804057669052,0.026951274884922768,completed,512,129,-1,,,,,,0.056646595208588654,0.025978615720819956
4,138,-1,1.0,4227093,weak_mixture,0,0.02603894342095727,explore,7.915050481303774,0.01996586944550124,certified,0.47592733534301934,8192,development,21,0.018035924094881035,4227072,20260921,4194304,41,4,1.184999082237482,1.184999082237482,21000041,explore_08,0.10369368091359339,32768,0.023695714279296204,0.035609283620221734,completed,512,129,-1,,,,,,0.05206943422064181,0.02387612072736133
4,139,-1,4.0,4227093,weak_mixture,0,0.02603894342095727,explore,7.915050481303774,0.01996586944550124,certified,0.47592733534301934,8192,development,21,0.018035924094881035,4227072,20260921,4194304,41,4,1.2860784269869328,1.2860784269869328,21000041,explore_09,0.10369368091359339,32768,0.023695714279296204,0.035609283620221734,completed,512,129,-1,,,,,,0.05206943422064181,0.02387612072736133
