JobID|State|ExitCode|ElapsedRaw|ReqTRES|AllocTRES|NodeList
23791944_0|COMPLETED|0:0|40|billing=4,cpu=4,gres/gpu=1,mem=15328M,node=1|billing=4,cpu=4,gres/gpu=1,mem=15328M,node=1|e03r01
23791944_1|COMPLETED|0:0|41|billing=4,cpu=4,gres/gpu=1,mem=15328M,node=1|billing=4,cpu=4,gres/gpu=1,mem=15328M,node=1|e03r04
23791944_2|COMPLETED|0:0|41|billing=4,cpu=4,gres/gpu=1,mem=15328M,node=1|billing=4,cpu=4,gres/gpu=1,mem=15328M,node=1|e12r01
23791944_3|COMPLETED|0:0|47|billing=4,cpu=4,gres/gpu=1,mem=15328M,node=1|billing=4,cpu=4,gres/gpu=1,mem=15328M,node=1|e01r02
23791944_4|COMPLETED|0:0|49|billing=4,cpu=4,gres/gpu=1,mem=15328M,node=1|billing=4,cpu=4,gres/gpu=1,mem=15328M,node=1|e01r03
23791944_5|COMPLETED|0:0|83|billing=4,cpu=4,gres/gpu=1,mem=15328M,node=1|billing=4,cpu=4,gres/gpu=1,mem=15328M,node=1|e01r05
23791944_6|COMPLETED|0:0|96|billing=4,cpu=4,gres/gpu=1,mem=15328M,node=1|billing=4,cpu=4,gres/gpu=1,mem=15328M,node=1|e02r01
23791944_7|COMPLETED|0:0|96|billing=4,cpu=4,gres/gpu=1,mem=15328M,node=1|billing=4,cpu=4,gres/gpu=1,mem=15328M,node=1|e02r01
23791944_8|COMPLETED|0:0|129|billing=4,cpu=4,gres/gpu=1,mem=15328M,node=1|billing=4,cpu=4,gres/gpu=1,mem=15328M,node=1|e04r04
23791944_9|COMPLETED|0:0|124|billing=4,cpu=4,gres/gpu=1,mem=15328M,node=1|billing=4,cpu=4,gres/gpu=1,mem=15328M,node=1|e04r04
23791944_10|COMPLETED|0:0|173|billing=4,cpu=4,gres/gpu=1,mem=15328M,node=1|billing=4,cpu=4,gres/gpu=1,mem=15328M,node=1|e04r05
23791944_11|COMPLETED|0:0|153|billing=4,cpu=4,gres/gpu=1,mem=15328M,node=1|billing=4,cpu=4,gres/gpu=1,mem=15328M,node=1|e04r05
23791944_12|COMPLETED|0:0|157|billing=4,cpu=4,gres/gpu=1,mem=15328M,node=1|billing=4,cpu=4,gres/gpu=1,mem=15328M,node=1|e04r05
23791944_13|COMPLETED|0:0|157|billing=4,cpu=4,gres/gpu=1,mem=15328M,node=1|billing=4,cpu=4,gres/gpu=1,mem=15328M,node=1|e04r05
23791944_14|COMPLETED|0:0|157|billing=4,cpu=4,gres/gpu=1,mem=15328M,node=1|billing=4,cpu=4,gres/gpu=1,mem=15328M,node=1|e05r02
23791944_15|COMPLETED|0:0|343|billing=4,cpu=4,gres/gpu=1,mem=15328M,node=1|billing=4,cpu=4,gres/gpu=1,mem=15328M,node=1|e05r02
23791944_16|COMPLETED|0:0|252|billing=4,cpu=4,gres/gpu=1,mem=15328M,node=1|billing=4,cpu=4,gres/gpu=1,mem=15328M,node=1|e05r03
23791944_17|COMPLETED|0:0|273|billing=4,cpu=4,gres/gpu=1,mem=15328M,node=1|billing=4,cpu=4,gres/gpu=1,mem=15328M,node=1|e05r03
23791944_18|COMPLETED|0:0|274|billing=4,cpu=4,gres/gpu=1,mem=15328M,node=1|billing=4,cpu=4,gres/gpu=1,mem=15328M,node=1|e05r03
23791944_19|COMPLETED|0:0|284|billing=4,cpu=4,gres/gpu=1,mem=15328M,node=1|billing=4,cpu=4,gres/gpu=1,mem=15328M,node=1|e05r04
23791944_20|COMPLETED|0:0|88|billing=4,cpu=4,gres/gpu=1,mem=15328M,node=1|billing=4,cpu=4,gres/gpu=1,mem=15328M,node=1|e05r05
23791944_21|COMPLETED|0:0|72|billing=4,cpu=4,gres/gpu=1,mem=15328M,node=1|billing=4,cpu=4,gres/gpu=1,mem=15328M,node=1|e10r05
23791944_22|COMPLETED|0:0|74|billing=4,cpu=4,gres/gpu=1,mem=15328M,node=1|billing=4,cpu=4,gres/gpu=1,mem=15328M,node=1|e11r01
23791944_23|COMPLETED|0:0|77|billing=4,cpu=4,gres/gpu=1,mem=15328M,node=1|billing=4,cpu=4,gres/gpu=1,mem=15328M,node=1|e11r02
23791944_24|COMPLETED|0:0|77|billing=4,cpu=4,gres/gpu=1,mem=15328M,node=1|billing=4,cpu=4,gres/gpu=1,mem=15328M,node=1|e11r02
23791944_25|COMPLETED|0:0|169|billing=4,cpu=4,gres/gpu=1,mem=15328M,node=1|billing=4,cpu=4,gres/gpu=1,mem=15328M,node=1|e11r02
23791944_26|COMPLETED|0:0|153|billing=4,cpu=4,gres/gpu=1,mem=15328M,node=1|billing=4,cpu=4,gres/gpu=1,mem=15328M,node=1|e11r03
23791944_27|COMPLETED|0:0|136|billing=4,cpu=4,gres/gpu=1,mem=15328M,node=1|billing=4,cpu=4,gres/gpu=1,mem=15328M,node=1|e06r03
23791944_28|COMPLETED|0:0|160|billing=4,cpu=4,gres/gpu=1,mem=15328M,node=1|billing=4,cpu=4,gres/gpu=1,mem=15328M,node=1|e06r03
23791944_29|COMPLETED|0:0|153|billing=4,cpu=4,gres/gpu=1,mem=15328M,node=1|billing=4,cpu=4,gres/gpu=1,mem=15328M,node=1|e06r04
23791944_30|COMPLETED|0:0|535|billing=4,cpu=4,gres/gpu=1,mem=15328M,node=1|billing=4,cpu=4,gres/gpu=1,mem=15328M,node=1|e06r04
23791944_31|COMPLETED|0:0|398|billing=4,cpu=4,gres/gpu=1,mem=15328M,node=1|billing=4,cpu=4,gres/gpu=1,mem=15328M,node=1|e06r04
23791944_32|COMPLETED|0:0|404|billing=4,cpu=4,gres/gpu=1,mem=15328M,node=1|billing=4,cpu=4,gres/gpu=1,mem=15328M,node=1|e06r04
23791944_33|COMPLETED|0:0|405|billing=4,cpu=4,gres/gpu=1,mem=15328M,node=1|billing=4,cpu=4,gres/gpu=1,mem=15328M,node=1|e02r01
23791944_34|COMPLETED|0:0|415|billing=4,cpu=4,gres/gpu=1,mem=15328M,node=1|billing=4,cpu=4,gres/gpu=1,mem=15328M,node=1|e02r04
23791944_35|COMPLETED|0:0|1050|billing=4,cpu=4,gres/gpu=1,mem=15328M,node=1|billing=4,cpu=4,gres/gpu=1,mem=15328M,node=1|e03r01
23791944_36|COMPLETED|0:0|499|billing=4,cpu=4,gres/gpu=1,mem=15328M,node=1|billing=4,cpu=4,gres/gpu=1,mem=15328M,node=1|e03r04
23791944_37|COMPLETED|0:0|524|billing=4,cpu=4,gres/gpu=1,mem=15328M,node=1|billing=4,cpu=4,gres/gpu=1,mem=15328M,node=1|e05r03
23791944_38|COMPLETED|0:0|526|billing=4,cpu=4,gres/gpu=1,mem=15328M,node=1|billing=4,cpu=4,gres/gpu=1,mem=15328M,node=1|e12r01
23791944_39|COMPLETED|0:0|554|billing=4,cpu=4,gres/gpu=1,mem=15328M,node=1|billing=4,cpu=4,gres/gpu=1,mem=15328M,node=1|e01r02
