batch,cell_id,dataset_seed,diffusion,dimension,ess_fraction,family,groups,ks_mean,line,log_normalizer,mean_absolute_error,method,particles,phase,positive_mass_error,projection_seed,repeat,seconds,seconds_including_preparation,seed,setting_id,sign_joint_tv,sliced_reference_samples,sliced_w1_32,standardized_offdiagonal_second_rms,status,steps,training_seed,true_ks_mean,true_mean_absolute_error,true_positive_mass_error,true_variance_relative_error,true_w1_mean,u_max,variance_relative_error,w1_mean
4,0,800,1.0,8,0.5,learned,64,0.060132070506188046,paper_anchor,95.69460526219083,0.012996267414501586,full,32768,development,0.014455951490195459,20260921,0,6.081487651914358,6.081487651914358,21018010,full,0.07542464673527742,32768,0.0168092655931079,0.03769119229685436,completed,2048,0,0.060579318321343376,0.013280775346173711,0.018731355092742884,0.16219829395670915,0.01558581443790853,20.0,0.16628889263618002,0.015222273742520748
4,1,800,1.0,8,0.5,learned,64,0.03779792933849464,paper_anchor,102.61815194965685,0.007249590668553573,factorized_full,32768,development,0.007716055474173089,20260921,0,6.123170264065266,6.123170264065266,21018010,factorized_full,0.03711054929308514,32768,0.012530722488438074,0.00811302720959424,completed,2048,0,0.04064265220138023,0.008804023663921644,0.011991459076720515,0.10847695136459548,0.010251794360773149,20.0,0.11314708479813985,0.010128857120645273
4,2,800,1.0,8,0.5,learned,64,0.07080054862893032,paper_anchor,94.46728495682198,0.014699675301585849,tail_anchored,8192,development,0.020066210448700328,20260921,0,1.029740359634161,1.029740359634161,21018010,anchor_n8192_k1024_m4,0.0923969964549626,32768,0.01682404446230036,0.10787207572421285,completed,1024,0,0.07532357905272541,0.016108005712355353,0.019000535544302408,0.1664629794944887,0.018272725224607045,20.0,0.17233311536421275,0.01766330430916927
8,3,800,1.0,8,0.5,learned,64,0.059409737870826776,paper_anchor,100.3403516349554,0.011476868612854194,tail_anchored,8192,development,0.013387674615562957,20260921,0,1.2999900244176388,1.2999900244176388,21018010,anchor_n8192_k1024_m8,0.07144695864766651,32768,0.01567693088921519,0.052406866142741176,completed,1024,0,0.06772324614721431,0.01438260366654365,0.01982183687104746,0.16869458570458382,0.016206706786952928,20.0,0.1726532087837482,0.014694417987418282
16,4,800,1.0,8,0.5,learned,64,0.06293048964312126,paper_anchor,93.33257827461478,0.01273170612874769,tail_anchored,8192,development,0.012931982701001522,20260921,0,1.5884788557887077,1.5884788557887077,21018010,anchor_n8192_k1024_m16,0.07323730462225304,32768,0.01740703951685397,0.09182521148606815,completed,1024,0,0.06223902768375095,0.013185014409494036,0.021806679079547524,0.12969283555092698,0.01631763536195862,20.0,0.13004866041221175,0.016515916845609317
4,5,800,1.0,8,0.5,learned,64,0.04174022095077844,paper_anchor,96.47271610418372,0.007089137566946751,tail_anchored,32768,development,0.01766336075908206,20260921,0,3.820256307721138,3.820256307721138,21018010,anchor_n32768_k2048_m4,0.08338262006080921,32768,0.012951562397246003,0.02428064428156389,completed,2048,0,0.046640178927456005,0.008880290752505914,0.021938764361629486,0.15822915390283304,0.011685070893326318,20.0,0.16286785955266772,0.011027960126176278
8,6,800,1.0,8,0.5,learned,64,0.14227534294898841,paper_anchor,97.28314900813938,0.03409803125860238,tail_anchored,32768,development,0.048872161728214035,20260921,0,5.390985686331987,5.390985686331987,21018010,anchor_n32768_k2048_m8,0.26741976229539094,32768,0.028200470165815963,0.14748315218858193,completed,2048,0,0.12558885797907623,0.029066158303212894,0.04320719404781754,0.2283412183079285,0.031967401745024146,20.0,0.23237975507813174,0.03637681353902808
16,7,800,1.0,8,0.5,learned,64,0.0823571180890808,paper_anchor,93.0271832722021,0.018817869951221755,tail_anchored,32768,development,0.0112507351693483,20260921,0,8.23120253905654,8.23120253905654,21018010,anchor_n32768_k2048_m16,0.06120456421236568,32768,0.022921765502372404,0.06254710957712167,completed,2048,0,0.08068504870233376,0.018276619282601117,0.012957618569707213,0.16952017204441885,0.02116586338468683,20.0,0.16982043987412337,0.021178628254466113
4,8,800,1.0,8,0.5,learned,64,0.062235728761604193,paper_anchor,95.54764567236971,0.014387456673861643,tail_anchored,32768,development,0.013225106891498722,20260921,0,7.642890240997076,7.642890240997076,21018010,anchor_n32768_k4096_m4,0.06769782784888519,32768,0.015886229366921276,0.06490339880385838,completed,4096,0,0.06573668591646604,0.015577983442897786,0.02041060260452189,0.1427141118521864,0.016848791672174845,20.0,0.1435269805749912,0.015584978470056389
4,9,801,1.0,8,0.5,learned,64,0.05813879138370147,paper_anchor,80.89459452970486,0.012861004413609226,full,32768,development,0.004514723814010053,20260921,0,6.131330255419016,6.131330255419016,21018020,full,0.019634742482367483,32768,0.014632587146844754,0.05770697539480652,completed,2048,0,0.0622623119541144,0.013990407620296588,0.010644762267598184,0.13037211734823548,0.015494651595162261,20.0,0.1335583532379519,0.014379816788658378
4,10,801,1.0,8,0.5,learned,64,0.05227156791102719,paper_anchor,89.11073734484572,0.011651042660032824,factorized_full,32768,development,0.012004318080963958,20260921,0,6.122393798083067,6.122393798083067,21018020,factorized_full,0.07251925161479045,32768,0.011328939151384361,0.014873191497861534,completed,2048,0,0.040165332345620905,0.007939015923774842,0.006109727901446038,0.11550585925315657,0.00989815125716614,20.0,0.11629194849568997,0.013136279156280047
4,11,801,1.0,8,0.5,learned,64,0.1086442248565282,paper_anchor,92.43589796657089,0.024783674544606768,tail_anchored,8192,development,0.015455665770149885,20260921,0,1.0302686542272568,1.0302686542272568,21018020,anchor_n8192_k1024_m4,0.09569221080280321,32768,0.026721231857046064,0.08464085658392623,completed,1024,0,0.10519971067656586,0.023616693808181696,0.01734452362950573,0.2259647180484156,0.026763700686080343,20.0,0.22873669939819047,0.027039801843964463
8,12,801,1.0,8,0.5,learned,64,0.08580500544951697,paper_anchor,85.68286912573626,0.0183683210217301,tail_anchored,8192,development,0.013574023345431199,20260921,0,1.2325259745121002,1.2325259745121002,21018020,anchor_n8192_k1024_m8,0.08153681496138598,32768,0.01998393768290234,0.06255883511427633,completed,1024,0,0.09665663552335824,0.021809414417032342,0.013838168255359298,0.18821176577032467,0.02341995241924462,20.0,0.1937780020792273,0.021194468007508252
16,13,801,1.0,8,0.5,learned,64,0.04348943686268295,paper_anchor,84.63401175416492,0.006207781245815204,tail_anchored,8192,development,0.009878246643963817,20260921,0,1.5895424336194992,1.5895424336194992,21018020,anchor_n8192_k1024_m16,0.06382019586397958,32768,0.01171765684563812,0.037699468875935935,completed,1024,0,0.04867519409357854,0.0071173374791742156,0.003275178634075389,0.1957013027267217,0.012444482176984312,20.0,0.19855230396820045,0.011495597024188868
4,14,801,1.0,8,0.5,learned,64,0.12102785944186689,paper_anchor,86.98057895195647,0.029483566598747513,tail_anchored,32768,development,0.023471075819324762,20260921,0,3.8187556490302086,3.8187556490302086,21018020,anchor_n32768_k2048_m4,0.10709238574189303,32768,0.03185388136944875,0.13929596016212134,completed,2048,0,0.130609519448176,0.03244498151276762,0.025359933678680606,0.16130574965821048,0.033450332957081025,20.0,0.16235402856657194,0.031107265478837284
8,15,801,1.0,8,0.5,learned,64,0.11088278895158189,paper_anchor,85.96276531159336,0.027001071282053167,tail_anchored,32768,development,0.01493692239147733,20260921,0,5.385681763291359,5.385681763291359,21018020,anchor_n32768_k2048_m8,0.08223028690618317,32768,0.03074755448882507,0.091295107013146,completed,2048,0,0.11302435591072107,0.027835363652452337,0.016825780250833172,0.1542415828062312,0.029245143877375066,20.0,0.15658801083139667,0.028306460920560696
16,16,801,1.0,8,0.5,learned,64,0.07038919868903937,paper_anchor,85.01470045466831,0.015045130099487857,tail_anchored,32768,development,0.006944357868138646,20260921,0,8.223446667194366,8.223446667194366,21018020,anchor_n32768_k2048_m16,0.039892345848199576,32768,0.019899190961931924,0.03683303463229752,completed,2048,0,0.0787787667021,0.01790359441920813,0.002408002286990288,0.17753378018588484,0.019650185779576973,20.0,0.18049470511046578,0.01833700560440372
4,17,801,1.0,8,0.5,learned,64,0.07978635277417884,paper_anchor,80.93106941534853,0.018801269526178964,tail_anchored,32768,development,0.018046842040161003,20260921,0,7.734756778925657,7.734756778925657,21018020,anchor_n32768_k4096_m4,0.0947665887985205,32768,0.02196169604123001,0.09611683953397385,completed,4096,0,0.09562673055471613,0.023377543173119738,0.019462664425705958,0.1554530050555477,0.02559432906437968,20.0,0.1579638489138112,0.020891316153090478
4,18,802,1.0,8,0.5,learned,64,0.06293175728798281,paper_anchor,109.44547960336784,0.014812137110653309,full,32768,development,2.6564645677629173e-08,20260921,0,6.102665897458792,6.102665897458792,21018030,full,2.1251716275644378e-07,32768,0.015517068732707608,0.044950745553870054,completed,2048,0,0.05694558227962643,0.012780329824299344,3.957804040055635e-08,0.15186837915694124,0.013698420009405169,20.0,0.155317370617659,0.015643933298483723
4,19,802,1.0,8,0.5,learned,64,0.09854723535513187,paper_anchor,130.8506335057042,0.02474394429463335,factorized_full,32768,development,2.6564645677629173e-08,20260921,0,6.129464019089937,6.129464019089937,21018030,factorized_full,2.1251716542097904e-07,32768,0.033599216418751805,0.06986005103723772,completed,2048,0,0.08973692811247719,0.02190174195615803,3.957804040055635e-08,0.11893062625019492,0.023181476230324728,20.0,0.11769956757699933,0.026001377074971313
4,20,802,1.0,8,0.5,learned,64,0.08513424376554071,paper_anchor,126.48891522974884,0.01638811277560627,tail_anchored,8192,development,2.6564645677629173e-08,20260921,0,1.0327768847346306,1.0327768847346306,21018030,anchor_n8192_k1024_m4,2.1251716719733588e-07,32768,0.021499413208019957,0.1286885846494555,completed,1024,0,0.08625419594830416,0.017469143754554536,3.957804040055635e-08,0.200309560393801,0.02110726836024073,20.0,0.20059115183797094,0.020927736824132848
8,21,802,1.0,8,0.5,learned,64,0.07467920996918104,paper_anchor,120.06996888993628,0.01432165090540384,tail_anchored,8192,development,2.6564645677629173e-08,20260921,0,1.3015127964317799,1.3015127964317799,21018030,anchor_n8192_k1024_m8,2.1251716730835818e-07,32768,0.018525121677334846,0.0577870788167761,completed,1024,0,0.08369295273215448,0.01729506777998145,3.957804040055635e-08,0.19396838935128274,0.020157414935562522,20.0,0.19731091563845388,0.01743567667758654
16,22,802,1.0,8,0.5,learned,64,0.07342120492150028,paper_anchor,114.95955037819553,0.015620262451385647,tail_anchored,8192,development,2.6564645788651475e-08,20260921,0,1.5933059193193913,1.5933059193193913,21018030,anchor_n8192_k1024_m16,2.1251716508791213e-07,32768,0.016218182685582304,0.029362562331758386,completed,1024,0,0.06711391935491882,0.013588455165031682,3.957804051157865e-08,0.207998069593257,0.01628927168983533,20.0,0.21110817644468569,0.017297765290086378
4,23,802,1.0,8,0.5,learned,64,0.054567189957213866,paper_anchor,114.61141367946647,0.010983026452588349,tail_anchored,32768,development,2.6564645677629173e-08,20260921,0,3.8186653293669224,3.8186653293669224,21018030,anchor_n32768_k2048_m4,2.1251716553200134e-07,32768,0.015012970409562619,0.042397909745821784,completed,2048,0,0.052941928353706084,0.010655386589858415,3.957804040055635e-08,0.1435406405601556,0.013241158246073317,20.0,0.14678407078613792,0.014164780224501461
8,24,802,1.0,8,0.5,learned,64,0.07348506273240879,paper_anchor,115.17081227380518,0.016083847716738292,tail_anchored,32768,development,2.6564645677629173e-08,20260921,0,5.386193674057722,5.386193674057722,21018030,anchor_n32768_k2048_m8,2.125171680855143e-07,32768,0.024571376546593922,0.09313669715336235,completed,2048,0,0.07203332673838143,0.0160542805497306,3.957804040055635e-08,0.13908686655165783,0.018708613149567066,20.0,0.13935977494143903,0.020408508675680163
16,25,802,1.0,8,0.5,learned,64,0.04424262546466744,paper_anchor,116.63473503334286,0.007848568746710971,tail_anchored,32768,development,2.656464601069608e-08,20260921,0,8.223378654569387,8.223378654569387,21018030,anchor_n32768_k2048_m16,2.1251716347808875e-07,32768,0.010381180719221263,0.03801026842736773,completed,2048,0,0.04433404116207999,0.008106327081088549,3.9578040733623254e-08,0.16542102339872894,0.011228403523297605,20.0,0.16865252866045466,0.01105217439700205
4,26,802,1.0,8,0.5,learned,64,0.08336809328486257,paper_anchor,111.89866985421271,0.018817811380011054,tail_anchored,32768,development,2.6564645677629173e-08,20260921,0,7.940906375646591,7.940906375646591,21018030,anchor_n32768_k4096_m4,2.1251716597609055e-07,32768,0.02364776608312205,0.05440777252847995,completed,4096,0,0.0761948342614217,0.016347769631901196,3.957804040055635e-08,0.18437206590441174,0.019664638973281277,20.0,0.18755103361350312,0.02133431952013002
4,27,803,1.0,8,0.5,learned,64,0.07857943199543335,paper_anchor,139.91289891196027,0.017257340963998783,full,32768,development,0.026919696145567676,20260921,0,6.083784926682711,6.083784926682711,21018040,full,0.11209383113773405,32768,0.01925749118635911,0.05925091860088224,completed,2048,0,0.07211814523984202,0.015467143288072027,0.02275430904706663,0.16196449852484188,0.01876177681822269,20.0,0.16918268729114938,0.02016035062968092
4,28,803,1.0,8,0.5,learned,64,0.04353533593179737,paper_anchor,147.00398623398218,0.009457277050941258,factorized_full,32768,development,0.013395667696814592,20260921,0,6.1258506663143635,6.1258506663143635,21018040,factorized_full,0.057562205443457894,32768,0.012374579716712134,0.01506446579817859,completed,2048,0,0.051074581257508744,0.012322248712730684,0.01690508982796421,0.10328104330932392,0.01313227409372817,20.0,0.10782362634064625,0.011328761060113917
4,29,803,1.0,8,0.5,learned,64,0.07917834311207148,paper_anchor,144.39143063240982,0.01594321620783741,tail_anchored,8192,development,0.01734355292578181,20260921,0,1.0342601537704468,1.0342601537704468,21018040,anchor_n8192_k1024_m4,0.0799856511911046,32768,0.02435503979010528,0.05408146780633896,completed,1024,0,0.07792099539301275,0.015515535637681049,0.016537183601320032,0.20657362755215486,0.020475828240695264,20.0,0.21060740088939645,0.020109393084164134
8,30,803,1.0,8,0.5,learned,64,0.06627009136950471,paper_anchor,139.24359427986533,0.013009122116874374,tail_anchored,8192,development,0.01689316971622129,20260921,0,1.2213663011789322,1.2213663011789322,21018040,anchor_n8192_k1024_m8,0.08338928998572614,32768,0.016989407480641823,0.0455118961360008,completed,1024,0,0.06394352170746118,0.01244086986729106,0.016086800391759512,0.18382890158846993,0.01491135621329985,20.0,0.18786826218638375,0.015692100957609582
16,31,803,1.0,8,0.5,learned,64,0.07324860468265525,paper_anchor,137.01419215854762,0.014968927039440947,tail_anchored,8192,development,0.021754453783118213,20260921,0,1.5972331203520298,1.5972331203520298,21018040,anchor_n8192_k1024_m16,0.0965308145452619,32768,0.02100363263919984,0.06599491659353932,completed,1024,0,0.08070871542380217,0.017816543307533628,0.02177959896590374,0.19275518410133455,0.020626519817976398,20.0,0.19158007251089618,0.019348188853546198
4,32,803,1.0,8,0.5,learned,64,0.05352712364213835,paper_anchor,142.15088127234222,0.009819193287401969,tail_anchored,32768,development,0.014590784490606915,20260921,0,3.8217277117073536,3.8217277117073536,21018040,anchor_n32768_k2048_m4,0.07311015482677574,32768,0.013683597638314109,0.0206593656633401,completed,2048,0,0.04719127830144715,0.007844874970391503,0.010425397392105868,0.17612299136161874,0.011721474795346448,20.0,0.1800489070933597,0.013414208474392475
8,33,803,1.0,8,0.5,learned,64,0.0520429569494682,paper_anchor,137.39981038275408,0.00947627930373895,tail_anchored,32768,development,0.015057077415850242,20260921,0,5.3069818168878555,5.3069818168878555,21018040,anchor_n32768_k2048_m8,0.08438291233752981,32768,0.01353400374789887,0.03805492484700094,completed,2048,0,0.049362551957802175,0.00879207921430059,0.014250708091388464,0.15831330284447348,0.012317522160413697,20.0,0.16214318892825827,0.01276961924880825
16,34,803,1.0,8,0.5,learned,64,0.06499164919359811,paper_anchor,135.87431920894173,0.013633526219738012,tail_anchored,32768,development,0.012327819147998003,20260921,0,8.22521199285984,8.22521199285984,21018040,anchor_n32768_k2048_m16,0.05816575813909608,32768,0.01812219730722864,0.06552129159265727,completed,2048,0,0.05768241468182615,0.011560163950382823,0.011521449823536225,0.14431906408766845,0.014774780777644724,20.0,0.14844488185941712,0.016848531543952775
4,35,803,1.0,8,0.5,learned,64,0.09676899758000496,paper_anchor,139.71535200845318,0.025168119221873928,tail_anchored,32768,development,0.02692876488940791,20260921,0,7.862864408642054,7.862864408642054,21018040,anchor_n32768_k4096_m4,0.16113778389899866,32768,0.02547417067221361,0.17396288913949376,completed,4096,0,0.09111334030728371,0.02271226509650167,0.028137694329103617,0.16169036571867046,0.025625031481600086,20.0,0.15836021285156937,0.026867406884084635
4,36,800,1.0,8,0.5,learned,64,0.05127073967350519,paper_anchor,94.05241216243354,0.0108364711004804,full,32768,development,0.018741094108039015,20260921,0,6.08608303964138,6.08608303964138,21028010,full,0.0911130120253847,32768,0.014786982678388632,0.04753833694040477,completed,2048,1,0.055509171623828096,0.01201538227773196,0.016505915689938512,0.14116610533467383,0.014365968067229912,20.0,0.15041855394918577,0.012949969105821104
4,37,800,1.0,8,0.5,learned,64,0.0518516345585934,paper_anchor,102.8034675218058,0.011015070645648934,factorized_full,32768,development,0.011012163341269601,20260921,0,6.126133091747761,6.126133091747761,21028010,factorized_full,0.06646954418368539,32768,0.01637594203264397,0.013841898145024477,completed,2048,1,0.054873729722527534,0.01196921227443748,0.008355535376652692,0.13633025614050565,0.014254627190239972,20.0,0.14564630666723688,0.013127569218485138
4,38,800,1.0,8,0.5,learned,64,0.12909881044657132,paper_anchor,105.86964772012877,0.030813349313724724,tail_anchored,8192,development,0.04336624018297447,20260921,0,1.0312488600611687,1.0312488600611687,21028010,anchor_n8192_k1024_m4,0.1660665820105655,32768,0.03058973227723933,0.23710601789406394,completed,1024,1,0.13545367119792512,0.03250224311390655,0.04233161987695608,0.16894721388723502,0.033795904420238804,20.0,0.16606286100761258,0.03276489587775898
8,39,800,1.0,8,0.5,learned,64,0.09374015336378196,paper_anchor,97.11508953123088,0.021423796629522616,tail_anchored,8192,development,0.006677820829715889,20260921,0,1.2221045345067978,1.2221045345067978,21028010,anchor_n8192_k1024_m8,0.03421710324528131,32768,0.027412948969296382,0.17561429122071906,completed,1024,1,0.09947160778651798,0.02343585033833239,0.007135945625007004,0.20118318066021967,0.026254869070939123,20.0,0.19853096167654233,0.02508196482691935
16,40,800,1.0,8,0.5,learned,64,0.060425450270274024,paper_anchor,97.82539084540304,0.012205289118842182,tail_anchored,8192,development,0.012079910962265867,20260921,0,1.5939109176397324,1.5939109176397324,21028010,anchor_n8192_k1024_m16,0.08032031329144305,32768,0.01558457999212303,0.055771078574720176,completed,1024,1,0.06462511869373157,0.013782033790463707,0.009844732544165364,0.14659909828018017,0.015693490205355123,20.0,0.15508707764392188,0.014760139026862872
4,41,800,1.0,8,0.5,learned,64,0.057917077794825245,paper_anchor,96.98691509612716,0.01206328888752017,tail_anchored,32768,development,0.014188148559999569,20260921,0,3.896105956286192,3.896105956286192,21028010,anchor_n32768_k2048_m4,0.06468522784154701,32768,0.013320103615098675,0.042317583215013894,completed,2048,1,0.06540773871960412,0.014312763796795606,0.012821528205204807,0.16133610160117873,0.016377550476104452,20.0,0.17046655104381858,0.014378632549305293
8,42,800,1.0,8,0.5,learned,64,0.09179433817505504,paper_anchor,95.13637072415686,0.022508426239876134,tail_anchored,32768,development,0.03175541824197587,20260921,0,5.307069055736065,5.307069055736065,21028010,anchor_n32768_k2048_m8,0.13494379434422105,32768,0.020463232232864288,0.10026651704890906,completed,2048,1,0.10146346933668951,0.025273464167883758,0.03236867905739605,0.1365569813089123,0.026126863016648787,20.0,0.14046264115365542,0.023528141244057284
16,43,800,1.0,8,0.5,learned,64,0.04541695406739983,paper_anchor,96.93143784133603,0.007349532507588015,tail_anchored,32768,development,0.010267801300524806,20260921,0,8.217553287744522,8.217553287744522,21028010,anchor_n32768_k2048_m16,0.06771009682825213,32768,0.011170219588136491,0.028895154563228356,completed,2048,1,0.052059054793545154,0.00948094237467597,0.008032622882424303,0.15869772449908146,0.012461222107410005,20.0,0.16780589214377614,0.01083562176089872
4,44,800,1.0,8,0.5,learned,64,0.06144388913474998,paper_anchor,92.2755359754173,0.012235991594085983,tail_anchored,32768,development,0.008262067132793864,20260921,0,7.716806646436453,7.716806646436453,21028010,anchor_n32768_k4096_m4,0.039021169623952245,32768,0.013838837572708144,0.024754196786282056,completed,4096,1,0.07049334332405763,0.015361389787714865,0.009743886011519785,0.1767052379784812,0.017269975591501716,20.0,0.18556981256166916,0.015079304200452686
4,45,801,1.0,8,0.5,learned,64,0.12515379311875968,paper_anchor,81.13051603792444,0.029476286651133714,full,32768,development,0.034811224770874415,20260921,0,6.08340709656477,6.08340709656477,21028020,full,0.1877272635876185,32768,0.02970262762498317,0.13589133096262024,completed,2048,1,0.12461574443617268,0.02957151615686838,0.034650459067806665,0.20500944587359393,0.03232194049571933,20.0,0.21235041152240702,0.03246418879054004
4,46,801,1.0,8,0.5,learned,64,0.0793030309480095,paper_anchor,92.43683962588626,0.020470706995601773,factorized_full,32768,development,0.017939622456918353,20260921,0,6.210797466337681,6.210797466337681,21028020,factorized_full,0.11359956145721192,32768,0.02125459678189224,0.046345200186224636,completed,2048,1,0.0776063347836404,0.020224102504294895,0.018100377268341156,0.1250666836950537,0.02136433426969029,20.0,0.1354177435608539,0.021662609846004988
4,47,801,1.0,8,0.5,learned,64,0.19374018261799614,paper_anchor,94.77162524392331,0.04873048768064285,tail_anchored,8192,development,0.04165678193006635,20260921,0,1.0313926376402378,1.0313926376402378,21028020,anchor_n8192_k1024_m4,0.308759937094496,32768,0.05858979194825152,0.2558458726955942,completed,1024,1,0.1888906505895578,0.04718089945746465,0.04161754011828463,0.29026159142452884,0.04916825841028105,20.0,0.29675724097632217,0.0504189818320718
8,48,801,1.0,8,0.5,learned,64,0.07941218010315201,paper_anchor,87.72675640313116,0.01817822383826297,tail_anchored,8192,development,0.013727414664584662,20260921,0,1.23527080565691,1.23527080565691,21028020,anchor_n8192_k1024_m8,0.10046445048939034,32768,0.02171941363892478,0.07157304495969626,completed,1024,1,0.07995634101533793,0.018589208295718355,0.01565073081097085,0.17248940492251366,0.01978385264238655,20.0,0.17997274942153207,0.019498697023221698
16,49,801,1.0,8,0.5,learned,64,0.05097346773745262,paper_anchor,78.8264894781611,0.008296864104118253,tail_anchored,8192,development,0.006371242085495761,20260921,0,1.5887273028492928,1.5887273028492928,21028020,anchor_n8192_k1024_m16,0.047185254604791865,32768,0.01266735487286176,0.046383276994011936,completed,1024,1,0.04811101731886324,0.007454567025934567,0.006531996896918564,0.17923563687023183,0.011416420483236232,20.0,0.18663898691390657,0.012279029832671448
4,50,801,1.0,8,0.5,learned,64,0.12026417369704892,paper_anchor,86.95067703007754,0.02759148468513455,tail_anchored,32768,development,0.013014649698981667,20260921,0,3.8283263593912125,3.8283263593912125,21028020,anchor_n32768_k2048_m4,0.08213161178169712,32768,0.03522231318217765,0.1250737611961383,completed,2048,1,0.11583193713786606,0.026572343789302254,0.01317540451040447,0.2246572819243435,0.0292966677587004,20.0,0.23112723929126466,0.030475950180881093
8,51,801,1.0,8,0.5,learned,64,0.06025756461934064,paper_anchor,84.76112888104159,0.01304247195227008,tail_anchored,32768,development,0.01014346293505396,20260921,0,5.316196322441101,5.316196322441101,21028020,anchor_n32768_k2048_m8,0.05024467956673821,32768,0.013181944273938385,0.028176517706371924,completed,2048,1,0.057860472566963875,0.01270208679036939,0.008341659788308853,0.16531023479724338,0.013877865921974136,20.0,0.17304658047561156,0.014303055888983559
16,52,801,1.0,8,0.5,learned,64,0.05415258133793899,paper_anchor,85.9313477791613,0.009907482935078813,tail_anchored,32768,development,0.009748157614682399,20260921,0,8.225094765424728,8.225094765424728,21028020,anchor_n32768_k2048_m16,0.0613557517273549,32768,0.015001562036074372,0.025876031006673947,completed,2048,1,0.05723401535372837,0.01127421419835696,0.009908912426105202,0.18694863583964194,0.014117148903602491,20.0,0.19444206754031046,0.013679722343806282
4,53,801,1.0,8,0.5,learned,64,0.0780567576003492,paper_anchor,78.50056153032787,0.017422294503178504,tail_anchored,32768,development,0.007232002041264397,20260921,0,7.8980854488909245,7.8980854488909245,21028020,anchor_n32768_k4096_m4,0.03067218913314985,32768,0.017725900655776287,0.07297284889194795,completed,4096,1,0.0784456216024863,0.017665879309464456,0.0053086750032332606,0.15748606404253865,0.019243073650231632,20.0,0.16562190399032095,0.019333037738020215
4,54,802,1.0,8,0.5,learned,64,0.06109965418224232,paper_anchor,116.62090260215435,0.012318570077042068,full,32768,development,4.35384293479002e-08,20260921,0,6.082114614546299,6.082114614546299,21028030,full,3.483074340613999e-07,32768,0.015696770478980854,0.04106806442855379,completed,2048,1,0.05862800676562262,0.011336526190864268,3.957804040055635e-08,0.17205427697577558,0.01459284448987538,20.0,0.17345724257318132,0.01501815175338874
4,55,802,1.0,8,0.5,learned,64,0.06425990600975648,paper_anchor,131.44557708204889,0.016317952923515233,factorized_full,32768,development,4.35384293479002e-08,20260921,0,6.130846608430147,6.130846608430147,21028030,factorized_full,3.483074347830449e-07,32768,0.017281546935106383,0.02804771289211018,completed,2048,1,0.06926172657839914,0.017986340127062947,3.957804040055635e-08,0.0925665772490969,0.018411970306712974,20.0,0.09912328321961307,0.016941304705717385
4,56,802,1.0,8,0.5,learned,64,0.07329237025509874,paper_anchor,123.4334796213801,0.013770134380697976,tail_anchored,8192,development,4.35384295699448e-08,20260921,0,1.0308093875646591,1.0308093875646591,21028030,anchor_n8192_k1024_m4,3.483074358932679e-07,32768,0.017766815590209796,0.03719154769816274,completed,1024,1,0.0740797661163062,0.01418908725890719,3.957804062260095e-08,0.20947409673114292,0.018093584341622723,20.0,0.21522214740880743,0.01775364619750599
8,57,802,1.0,8,0.5,learned,64,0.05040025409943856,paper_anchor,115.06915576917477,0.0070532329539231,tail_anchored,8192,development,4.35384293479002e-08,20260921,0,1.223663866519928,1.223663866519928,21028030,anchor_n8192_k1024_m8,3.4830743472753373e-07,32768,0.012042687422369911,0.04642811762409114,completed,1024,1,0.05483330782290975,0.009181979958557754,3.957804040055635e-08,0.20296162869046724,0.01278457347989509,20.0,0.20862608219825896,0.01187283595222724
16,58,802,1.0,8,0.5,learned,64,0.0769140674177955,paper_anchor,117.83094823569667,0.016807698666394297,tail_anchored,8192,development,4.35384295699448e-08,20260921,0,1.5890402048826218,1.5890402048826218,21028030,anchor_n8192_k1024_m16,3.483074354491787e-07,32768,0.020682193879072365,0.07189709173462497,completed,1024,1,0.08145805457635866,0.018127677858036373,3.957804062260095e-08,0.16593408736580356,0.020642688759471367,20.0,0.17204086782588607,0.019037733528581874
4,59,802,1.0,8,0.5,learned,64,0.1347551917276094,paper_anchor,117.97886768432812,0.03352724575042494,tail_anchored,32768,development,4.353842979198941e-08,20260921,0,3.902852240949869,3.902852240949869,21028030,anchor_n32768_k2048_m4,3.4830743844678087e-07,32768,0.03636645336052778,0.13643349863526336,completed,2048,1,0.13743597327716284,0.03436822115079022,3.957804084464556e-08,0.1889418299337592,0.03486451635405549,20.0,0.19499299042641183,0.03426760581319645
8,60,802,1.0,8,0.5,learned,64,0.054036212362796654,paper_anchor,117.2265426779178,0.012119840646363178,tail_anchored,32768,development,4.3538429680967106e-08,20260921,0,5.315011158585548,5.315011158585548,21028030,anchor_n32768_k2048_m8,3.483074317854427e-07,32768,0.013340847787171317,0.05275467914911024,completed,2048,1,0.05412214033307182,0.012477834738314833,3.9578040733623254e-08,0.12000098255412613,0.013954798516342825,20.0,0.12541124062366452,0.01464335387215997
16,61,802,1.0,8,0.5,learned,64,0.09037325366052683,paper_anchor,113.51259303283987,0.02181058019541314,tail_anchored,32768,development,4.35384293479002e-08,20260921,0,8.217884711921215,8.217884711921215,21028030,anchor_n32768_k2048_m16,3.483074356712233e-07,32768,0.020255510363150108,0.05312291399704385,completed,2048,1,0.0874636531788922,0.021076507642721287,3.957804040055635e-08,0.16607310542897957,0.021775324714589425,20.0,0.17221234896611945,0.022227766511188816
4,62,802,1.0,8,0.5,learned,64,0.07775718050385502,paper_anchor,110.50402293616071,0.01756055106793654,tail_anchored,32768,development,4.35384293479002e-08,20260921,0,7.930603638291359,7.930603638291359,21028030,anchor_n32768_k4096_m4,3.483074341724222e-07,32768,0.01845605588064735,0.06479704590108046,completed,4096,1,0.08005276898819619,0.018236457772091957,3.957804040055635e-08,0.14615944938653067,0.01979935891953516,20.0,0.1506838494680321,0.01944076902228304
4,63,803,1.0,8,0.5,learned,64,0.09645376594147315,paper_anchor,138.580573041405,0.023691123980125163,full,32768,development,0.01690958316014687,20260921,0,6.081816673278809,6.081816673278809,21028040,full,0.07142343378559646,32768,0.026521357062654884,0.08246019857555062,completed,2048,1,0.10011627051143497,0.024657859822642555,0.019215817207217486,0.1405863864057179,0.0254897632771662,20.0,0.14931513263806045,0.0246970045453221
4,64,803,1.0,8,0.5,learned,64,0.0565179304190584,paper_anchor,148.9336162620407,0.01222238992342358,factorized_full,32768,development,0.014463785573047422,20260921,0,6.134217616170645,6.134217616170645,21028040,factorized_full,0.0692047794998022,32768,0.018909506157132903,0.0185069442625379,completed,2048,1,0.07151589366923626,0.016909896470222053,0.015553299998528086,0.12575588967905404,0.01822654192452084,20.0,0.13477094963994818,0.014473501125739302
4,65,803,1.0,8,0.5,learned,64,0.20485330115771155,paper_anchor,148.27670037690257,0.050989200475527366,tail_anchored,8192,development,0.08485696456236436,20260921,0,1.1065853349864483,1.1065853349864483,21028040,anchor_n8192_k1024_m4,0.32027029785793465,32768,0.05947890919830667,0.2630818242419096,completed,1024,1,0.2167508077179096,0.054448797963210394,0.0856984606157036,0.30408965145462025,0.05490850571021403,20.0,0.3114739525872166,0.05221680505468981
8,66,803,1.0,8,0.5,learned,64,0.07347206718569645,paper_anchor,136.14488208173506,0.015479404730824847,tail_anchored,8192,development,0.011883000952540641,20260921,0,1.296407613903284,1.296407613903284,21028040,anchor_n8192_k1024_m8,0.04421104605291865,32768,0.020184283563721747,0.04361214698634534,completed,1024,1,0.07973051322179496,0.0174293007313333,0.01394121662746984,0.18933265488233672,0.019524866268104738,20.0,0.19768329306989085,0.017974174399993898
16,67,803,1.0,8,0.5,learned,64,0.04944617887823266,paper_anchor,143.04487802154324,0.008190046318140336,tail_anchored,8192,development,0.010123783359360683,20260921,0,1.5905938819050789,1.5905938819050789,21028040,anchor_n8192_k1024_m16,0.060062991532975965,32768,0.012967867258212196,0.03727549460318694,completed,1024,1,0.059484918871903325,0.011083539250622589,0.011213297784841347,0.17977756588280713,0.01474600472973123,20.0,0.1883070204064862,0.012131298495612699
4,68,803,1.0,8,0.5,learned,64,0.12308826190117664,paper_anchor,145.0661512895959,0.029726113346929282,tail_anchored,32768,development,0.028163012041676115,20260921,0,3.8217210099101067,3.8217210099101067,21028040,anchor_n32768_k2048_m4,0.15933755507468603,32768,0.031502592323687906,0.15105410792545693,completed,2048,1,0.13686392397615704,0.03332135758235347,0.03144027323489303,0.17064674397457152,0.0357042322385636,20.0,0.1774777137231941,0.03194392357783981
8,69,803,1.0,8,0.5,learned,64,0.10047610713303012,paper_anchor,143.5817408877606,0.024403148810468806,tail_anchored,32768,development,0.03418836254772721,20260921,0,5.310925990343094,5.310925990343094,21028040,anchor_n32768_k2048_m8,0.18939111104138875,32768,0.03214186994446178,0.07361004789859685,completed,2048,1,0.10557792230675037,0.02567602505330783,0.035277876973207875,0.16215740194529682,0.026598104231934927,20.0,0.17086949780327082,0.025053863604714427
16,70,803,1.0,8,0.5,learned,64,0.06102070133632569,paper_anchor,134.9698474294906,0.011086823295137174,tail_anchored,32768,development,0.012766552524848911,20260921,0,8.302714958786964,8.302714958786964,21028040,anchor_n32768_k2048_m16,0.06428856734798379,32768,0.018632744012659883,0.026812111165646246,completed,2048,1,0.07134653942186005,0.014077641186040355,0.015072786571919527,0.18498848241373206,0.0183958794174999,20.0,0.19337258481816674,0.01579898981773249
4,71,803,1.0,8,0.5,learned,64,0.07635740663616855,paper_anchor,139.24961330476168,0.018958269974965913,tail_anchored,32768,development,0.019599635844954784,20260921,0,7.729227103292942,7.729227103292942,21028040,anchor_n32768_k4096_m4,0.09313531678315817,32768,0.017852419828643468,0.08687129803122938,completed,4096,1,0.09279572147065682,0.023536816319758246,0.0219058698920254,0.11639494852862778,0.024205628122038927,20.0,0.11935892547381845,0.019670472841835714
