anchor_preparation,batch,cell_id,dataset_seed,diffusion,dimension,ess_fraction,factor_calls,family,groups,ks_mean,line,log_normalizer,mean_absolute_error,method,particles,phase,positive_mass_error,preparation_calls,preparation_derivative_calls,projection_seed,repeat,resampling_count,seconds,seconds_including_preparation,seed,setting_id,sign_joint_tv,sliced_reference_samples,sliced_w1_32,standardized_offdiagonal_second_rms,status,steps,training_seed,true_ks_mean,true_mean_absolute_error,true_positive_mass_error,true_variance_relative_error,true_w1_mean,u_max,variance_relative_error,w1_mean
,4,0,700,1.0,8,0.5,4294967296,learned,64,0.061252367439509424,anchored_confirmation,142.92737326940784,0.012807184964125876,full,32768,confirmation,0.00019933626146342864,0,0,20260921,0,96,6.104570437222719,6.104570437222719,21017010,full,0.0015934774757809782,32768,0.012967225241294563,0.03391922931335041,completed,2048,0,0.07275509034498996,0.0159457073905813,0.00023792114697433753,0.1665193046448224,0.018928262953048287,20.0,0.16795384987478912,0.014849666740103545
,4,1,700,1.0,8,0.5,268435456,learned,64,0.5272896330059949,anchored_confirmation,1824.156944708265,0.14246669329028208,tail_fixed,32768,confirmation,0.0003361437939339157,0,0,20260921,0,518,4.466354850679636,4.466354850679636,21017010,tail_fixed,0.00268793773554449,32768,0.14400775743025324,2.328837485880851,completed,2048,0,0.528103236028828,0.14408807939663243,0.0003747286794448246,0.5795705245685527,0.15004702266501965,20.0,0.5801066602233396,0.1486474682366798
"{'preparation_calls': 917504, 'preparation_seconds': 0.7383345440030098, 'preparation_factor_calls_per_grid_point': 448, 'newton_iterations': 6, 'anchor_grid_points': 2048, 'anchor_rule': 'parameter-only six-step clipped Newton fixed-point iteration'}",4,2,700,1.0,8,0.5,269352960,learned,64,0.14444815504126152,anchored_confirmation,146.25395626357889,0.03665062408790739,tail_anchored,32768,confirmation,0.0001657402720229434,917504,786432,20260921,0,114,5.292585965245962,5.292585965245962,21017010,tail_anchored,0.001324709560258163,32768,0.040342724591553,0.1566741623452005,completed,2048,0,0.14229249288670034,0.036042367125215524,0.00020432515753385228,0.19317703290528784,0.03757700906019237,20.0,0.1943319754766353,0.037612895874211086
,4,3,701,1.0,8,0.5,4294967296,learned,64,0.07248683842943193,anchored_confirmation,129.47189108831265,0.015579703740739581,full,32768,confirmation,2.4743845684793708e-05,0,0,20260921,0,102,6.1054422073066235,6.1054422073066235,21017020,full,0.00019794899598862278,32768,0.014558822281532633,0.05158625588428002,completed,2048,0,0.08762087143325809,0.0202308141035382,3.1521651053453836e-05,0.17976973899689264,0.021437027741885897,20.0,0.1812113892357977,0.017284983303134938
,4,4,701,1.0,8,0.5,268435456,learned,64,0.45609964941781256,anchored_confirmation,1625.495968402345,0.1308920027537048,tail_fixed,32768,confirmation,2.4743845684627175e-05,0,0,20260921,0,494,4.329095043241978,4.329095043241978,21017020,tail_fixed,0.00019794899598551415,32768,0.14063761582330647,2.277833084530746,completed,2048,0,0.4684855032539532,0.1364099646711125,3.15216510532873e-05,0.5595077696721676,0.14257587352310652,20.0,0.5606504350173231,0.13734569985719625
"{'preparation_calls': 917504, 'preparation_seconds': 0.6633220240473747, 'preparation_factor_calls_per_grid_point': 448, 'newton_iterations': 6, 'anchor_grid_points': 2048, 'anchor_rule': 'parameter-only six-step clipped Newton fixed-point iteration'}",4,5,701,1.0,8,0.5,269352960,learned,64,0.06548735878437367,anchored_confirmation,129.02610881961647,0.013540353040784527,tail_anchored,32768,confirmation,2.4743845685071264e-05,917504,786432,20260921,0,113,5.299994133412838,5.299994133412838,21017020,tail_anchored,0.00019794899598612477,32768,0.016259474875979365,0.025378759847229284,completed,2048,0,0.07949551373454734,0.017485068896191405,3.152165105373139e-05,0.17783204513023895,0.01978246344199896,20.0,0.17947568917129797,0.015772857030841046
,4,6,702,1.0,8,0.5,4294967296,learned,64,0.13553672152643498,anchored_confirmation,69.93095151404155,0.03214590724625098,full,32768,confirmation,0.009358195600806488,0,0,20260921,0,91,6.101941745728254,6.101941745728254,21017030,full,0.07485801684698155,32768,0.041302288196683516,0.11511366828725701,completed,2048,0,0.14574734506366635,0.03495702609223604,0.010791514572297572,0.22532909392464362,0.03616119668187354,20.0,0.22364028200041056,0.0334548274804336
,4,7,702,1.0,8,0.5,268435456,learned,64,0.2985615163089095,anchored_confirmation,305.4065430966981,0.07883011724517335,tail_fixed,32768,confirmation,0.0003236336318791222,0,0,20260921,0,326,4.301085937768221,4.301085937768221,21017030,tail_fixed,0.0025493340881802213,32768,0.07340374234492567,0.6066973574164549,completed,2048,0,0.28392013450293263,0.07420966741836475,0.0011215060522970915,0.2731917207509644,0.07505617801583414,20.0,0.27064863663849026,0.07942034079021477
"{'preparation_calls': 917504, 'preparation_seconds': 0.6554668173193932, 'preparation_factor_calls_per_grid_point': 448, 'newton_iterations': 6, 'anchor_grid_points': 2048, 'anchor_rule': 'parameter-only six-step clipped Newton fixed-point iteration'}",4,8,702,1.0,8,0.5,269352960,learned,64,0.13660677266272492,anchored_confirmation,75.71802260120208,0.034120489849512825,tail_anchored,32768,confirmation,0.015393302192488434,917504,786432,20260921,0,111,5.20731944963336,5.20731944963336,21017030,tail_anchored,0.12313419942592572,32768,0.04396924460993684,0.21283181272263532,completed,2048,0,0.13671157327431727,0.034527926721343694,0.013962800566780795,0.2290918520756588,0.03821088968738527,20.0,0.22609304715178324,0.037494751537454914
,4,9,703,1.0,8,0.5,4294967296,learned,64,0.07370854635485208,anchored_confirmation,99.19828388149371,0.01736086767158842,full,32768,confirmation,0.007062367825739782,0,0,20260921,0,93,6.105766918510199,6.105766918510199,21017040,full,0.03710051274357378,32768,0.015554296588793017,0.057052345155029535,completed,2048,0,0.0598651882364401,0.01384892777748545,0.009546960077216532,0.12505407574548408,0.015383297543381445,20.0,0.12488912719472729,0.019069190659469413
,4,10,703,1.0,8,0.5,268435456,learned,64,0.38449848970823997,anchored_confirmation,560.5322657573405,0.10108802798153854,tail_fixed,32768,confirmation,0.030489811387847912,0,0,20260921,0,408,4.411423496901989,4.411423496901989,21017040,tail_fixed,0.22242613666201475,32768,0.11031986650092351,1.1145613508472259,completed,2048,0,0.40656814213959713,0.1088395006798142,0.03774736592639713,0.3448631063685337,0.10990409911103902,20.0,0.34540820747987677,0.10335560977768375
"{'preparation_calls': 917504, 'preparation_seconds': 0.6544194146990776, 'preparation_factor_calls_per_grid_point': 448, 'newton_iterations': 6, 'anchor_grid_points': 2048, 'anchor_rule': 'parameter-only six-step clipped Newton fixed-point iteration'}",4,11,703,1.0,8,0.5,269352960,learned,64,0.05838442123311577,anchored_confirmation,106.96780164630185,0.01226803581318831,tail_anchored,32768,confirmation,0.01123284479327119,917504,786432,20260921,0,112,5.208624977618456,5.208624977618456,21017040,tail_anchored,0.07965516959441221,32768,0.015383619976092203,0.036381883698263714,completed,2048,0,0.07821575268711033,0.018175347744566688,0.01849039933182041,0.16014974016644468,0.01980391352328178,20.0,0.16129641099072384,0.014731311111420673
,4,12,704,1.0,8,0.5,4294967296,learned,64,0.06399600787146213,anchored_confirmation,91.19901857582778,0.013401130444531992,full,32768,confirmation,0.0113545543125885,0,0,20260921,0,91,6.107471719384193,6.107471719384193,21017050,full,0.06058780247986954,32768,0.017783750170004345,0.042698574169020356,completed,2048,0,0.06288522942763997,0.01326268865098963,0.01327787763195934,0.17764583701454412,0.016443838278836602,20.0,0.1830687441628071,0.01634868625384227
,4,13,704,1.0,8,0.5,268435456,learned,64,0.30128756629399694,anchored_confirmation,754.5440308175566,0.07791090033973086,tail_fixed,32768,confirmation,0.04243335578524121,0,0,20260921,0,428,4.317961152642965,4.317961152642965,21017050,tail_fixed,0.20317070768269793,32768,0.10853696043190633,0.9157486020695974,completed,2048,0,0.3032272612985675,0.07916992770932901,0.04435667910461205,0.37063367068184494,0.08500117542287165,20.0,0.37477068898933596,0.08431987872833646
"{'preparation_calls': 917504, 'preparation_seconds': 0.6547005772590637, 'preparation_factor_calls_per_grid_point': 448, 'newton_iterations': 6, 'anchor_grid_points': 2048, 'anchor_rule': 'parameter-only six-step clipped Newton fixed-point iteration'}",4,14,704,1.0,8,0.5,269352960,learned,64,0.06980503277757823,anchored_confirmation,91.9530570535188,0.015635235552727972,tail_anchored,32768,confirmation,0.012034376289828008,917504,786432,20260921,0,106,5.302405036985874,5.302405036985874,21017050,tail_anchored,0.05911471508613432,32768,0.018106725612950257,0.03624056063053633,completed,2048,0,0.0683242347613446,0.015264052221082729,0.013141887350954173,0.17567936187450794,0.01683589596595481,20.0,0.1811294751322518,0.017359635504331145
,4,15,705,1.0,8,0.5,4294967296,learned,64,0.10832338943283237,anchored_confirmation,131.56011215058575,0.025525696191567582,full,32768,confirmation,4.276698584604333e-06,0,0,20260921,0,95,6.103993982076645,6.103993982076645,21017060,full,3.421327674372683e-05,32768,0.029793341505057806,0.10762626832676074,completed,2048,0,0.11355365941954329,0.02667691643218082,3.2864561416851013e-06,0.16135639589563516,0.02839236778817473,20.0,0.162665924842232,0.026452439680485437
,4,16,705,1.0,8,0.5,268435456,learned,64,0.3900904670677301,anchored_confirmation,923.3143172492487,0.10239725642961961,tail_fixed,32768,confirmation,4.276698584604333e-06,0,0,20260921,0,470,4.3159572295844555,4.3159572295844555,21017060,tail_fixed,3.421327674084025e-05,32768,0.09100768072977716,0.9806950157455465,completed,2048,0,0.3882408724017449,0.10130640262832945,3.2864561416851013e-06,0.38600992564160785,0.10197652245513741,20.0,0.38697773576734507,0.10289878539205523
"{'preparation_calls': 917504, 'preparation_seconds': 0.65526969358325, 'preparation_factor_calls_per_grid_point': 448, 'newton_iterations': 6, 'anchor_grid_points': 2048, 'anchor_rule': 'parameter-only six-step clipped Newton fixed-point iteration'}",4,17,705,1.0,8,0.5,269352960,learned,64,0.07861929672749204,anchored_confirmation,136.465098150626,0.018524859199441433,tail_anchored,32768,confirmation,4.276698584604333e-06,917504,786432,20260921,0,111,5.208428330719471,5.208428330719471,21017060,tail_anchored,3.421327674161741e-05,32768,0.017447398110158226,0.05259115354482827,completed,2048,0,0.076997314371096,0.017420200691179014,3.2864561416851013e-06,0.1435237863530362,0.01962616504945583,20.0,0.14505768894556104,0.01947773992477037
,4,18,706,1.0,8,0.5,4294967296,learned,64,0.07561175246199092,anchored_confirmation,87.89824428992308,0.01739158508844766,full,32768,confirmation,0.011622161516573859,0,0,20260921,0,97,6.108228582888842,6.108228582888842,21017070,full,0.09184648704410606,32768,0.01710500822142367,0.07549220677817582,completed,2048,0,0.07905060828972223,0.018306501574786097,0.01464094391320235,0.14371938973850606,0.01962066847234451,20.0,0.1458519742559599,0.018646857026099136
,4,19,706,1.0,8,0.5,268435456,learned,64,0.3150938742898558,anchored_confirmation,479.85053750955876,0.08223773165757556,tail_fixed,32768,confirmation,0.010272454041632344,0,0,20260921,0,377,4.307730861008167,4.307730861008167,21017070,tail_fixed,0.0778081596579761,32768,0.08408535866428693,0.7554051792769454,completed,2048,0,0.29839916327803184,0.07703611910383937,0.007834279767778847,0.29763709727211896,0.07807363006490252,20.0,0.29925604024727387,0.08283778750242428
"{'preparation_calls': 917504, 'preparation_seconds': 0.7358584851026535, 'preparation_factor_calls_per_grid_point': 448, 'newton_iterations': 6, 'anchor_grid_points': 2048, 'anchor_rule': 'parameter-only six-step clipped Newton fixed-point iteration'}",4,20,706,1.0,8,0.5,269352960,learned,64,0.06792381983723424,anchored_confirmation,84.74779193897244,0.013673551994996544,tail_anchored,32768,confirmation,0.020097959697714808,917504,786432,20260921,0,107,5.290995761752129,5.290995761752129,21017070,tail_anchored,0.1404490346899357,32768,0.01883154767550629,0.06326128586514751,completed,2048,0,0.06115717689326084,0.011423573287984752,0.023374719731459347,0.17681319005131202,0.015414654948099274,20.0,0.17866854573290308,0.01686039196936344
,4,21,707,1.0,8,0.5,4294967296,learned,64,0.09254371602617108,anchored_confirmation,108.88600196870458,0.021784636290917377,full,32768,confirmation,0.012130047084780323,0,0,20260921,0,101,6.109647758305073,6.109647758305073,21017080,full,0.096184404036034,32768,0.024718603473982543,0.08155016785462321,completed,2048,0,0.09626411434446662,0.022952204363168496,0.00916084365112876,0.15342884868995826,0.023763913262687862,20.0,0.15243413350067436,0.02392416171703194
,4,22,707,1.0,8,0.5,268435456,learned,64,0.5332288372595579,anchored_confirmation,1640.7809264320615,0.1424392962430654,tail_fixed,32768,confirmation,0.049935834743479374,0,0,20260921,0,482,4.3478570356965065,4.3478570356965065,21017080,tail_fixed,0.3988505218102881,32768,0.14801856735773836,2.466564194182411,completed,2048,0,0.543123874879858,0.14528764227928043,0.05283242257151052,0.5844512027640238,0.15156996826882296,20.0,0.58388549448786,0.14951927412425542
"{'preparation_calls': 917504, 'preparation_seconds': 0.7353930957615376, 'preparation_factor_calls_per_grid_point': 448, 'newton_iterations': 6, 'anchor_grid_points': 2048, 'anchor_rule': 'parameter-only six-step clipped Newton fixed-point iteration'}",4,23,707,1.0,8,0.5,269352960,learned,64,0.05089022549890711,anchored_confirmation,108.31933623262988,0.00992919493923488,tail_anchored,32768,confirmation,0.005817259627656119,917504,786432,20260921,0,113,5.29508088901639,5.29508088901639,21017080,tail_anchored,0.045953743937446646,32768,0.01226664810614465,0.03325331590407428,completed,2048,0,0.05896907261261276,0.012434974470439621,0.008713847455687268,0.1674389786073906,0.01467104484073026,20.0,0.1663727527150987,0.012055040653425806
,4,24,708,1.0,8,0.5,4294967296,learned,64,0.0927646008981036,anchored_confirmation,76.8077303827308,0.019049440556258353,full,32768,confirmation,0.017172247631139774,0,0,20260921,0,94,6.102051801979542,6.102051801979542,21017090,full,0.08345044145210606,32768,0.022606612168174597,0.0584555106218158,completed,2048,0,0.09006662257801476,0.018992344593681827,0.020920079538347992,0.20021706709578047,0.02079042258501896,20.0,0.20026552024192618,0.022334373705165816
,4,25,708,1.0,8,0.5,268435456,learned,64,0.26891455668142883,anchored_confirmation,355.3454471636235,0.07193147627846277,tail_fixed,32768,confirmation,0.04609298293032824,0,0,20260921,0,364,4.402197998017073,4.402197998017073,21017090,tail_fixed,0.28948687630461756,32768,0.09755603875322633,0.6492088445514578,completed,2048,0,0.25436314147988714,0.0673302708776664,0.04419019200270692,0.26636491100530224,0.07018460638055572,20.0,0.2664517123905458,0.07396832330291846
"{'preparation_calls': 917504, 'preparation_seconds': 0.6550572328269482, 'preparation_factor_calls_per_grid_point': 448, 'newton_iterations': 6, 'anchor_grid_points': 2048, 'anchor_rule': 'parameter-only six-step clipped Newton fixed-point iteration'}",4,26,708,1.0,8,0.5,269352960,learned,64,0.05846474939802096,anchored_confirmation,77.51542293696878,0.01223663283135128,tail_anchored,32768,confirmation,0.015036267166218798,917504,786432,20260921,0,106,5.204767886549234,5.204767886549234,21017090,tail_anchored,0.07954884365764987,32768,0.013482027061668116,0.03835431666460427,completed,2048,0,0.042072754890054555,0.006917397705786699,0.012674037029091121,0.1612520313463085,0.011318527318237005,20.0,0.16125000359188074,0.01414817361093296
,4,27,709,1.0,8,0.5,4294967296,learned,64,0.05080587922757764,anchored_confirmation,74.71435521923684,0.009221440647098688,full,32768,confirmation,0.0039569578084052825,0,0,20260921,0,92,6.103345740586519,6.103345740586519,21017100,full,0.030182904487855357,32768,0.012752347650916715,0.03173026294895918,completed,2048,0,0.04941441050701781,0.00868228762432189,0.003759078946124315,0.1831718404298272,0.012503388130467355,20.0,0.18470196352365786,0.012867844055651367
,4,28,709,1.0,8,0.5,268435456,learned,64,0.23567403098157547,anchored_confirmation,293.4408914443519,0.06123830583918784,tail_fixed,32768,confirmation,0.010792297871979946,0,0,20260921,0,347,4.300051882863045,4.300051882863045,21017100,tail_fixed,0.08163004946981944,32768,0.052371248206286046,0.3789949429884947,completed,2048,0,0.2329583123609914,0.060461375314152674,0.010594419009698978,0.21636878606388107,0.06064989659889667,20.0,0.2176881617489123,0.06134929534277247
"{'preparation_calls': 917504, 'preparation_seconds': 0.7338200993835926, 'preparation_factor_calls_per_grid_point': 448, 'newton_iterations': 6, 'anchor_grid_points': 2048, 'anchor_rule': 'parameter-only six-step clipped Newton fixed-point iteration'}",4,29,709,1.0,8,0.5,269352960,learned,64,0.07655713200608319,anchored_confirmation,78.55013488206689,0.017071685073283823,tail_anchored,32768,confirmation,0.008374335905323632,917504,786432,20260921,0,108,5.286755450069904,5.286755450069904,21017100,tail_anchored,0.046127499086034376,32768,0.020417412895314725,0.1372977475234547,completed,2048,0,0.07405531803780646,0.016324106110164653,0.006457103821824725,0.17163396322036212,0.0183368865892134,20.0,0.1722589390130626,0.020339798008241237
,4,30,700,1.0,8,0.5,4294967296,learned,64,0.061616150105685635,anchored_confirmation,150.58996381356806,0.012835890025222133,full,32768,confirmation,0.00031603492379753297,0,0,20260921,0,100,6.11374519020319,6.11374519020319,21027010,full,0.0025175751423065665,32768,0.01471280309387756,0.048717044778117016,completed,2048,1,0.07097887544943254,0.01628810018642305,0.0002879863808519911,0.1600129175779681,0.01782823205177831,20.0,0.16847831392238272,0.01584051206706913
,4,31,700,1.0,8,0.5,268435456,learned,64,0.372183800220092,anchored_confirmation,1691.9753487565354,0.09941887003106842,tail_fixed,32768,confirmation,0.0004001869253350415,0,0,20260921,0,511,4.408092457801104,4.408092457801104,21027010,tail_fixed,0.003200177862027845,32768,0.11465158901226427,1.379941648046627,completed,2048,1,0.3771231265756871,0.1015545434535699,0.0003747286794449356,0.4811895885474582,0.10937900500076095,20.0,0.48642773531652683,0.10747304180077935
"{'preparation_calls': 917504, 'preparation_seconds': 0.6576021015644073, 'preparation_factor_calls_per_grid_point': 448, 'newton_iterations': 6, 'anchor_grid_points': 2048, 'anchor_rule': 'parameter-only six-step clipped Newton fixed-point iteration'}",4,32,700,1.0,8,0.5,269352960,learned,64,0.07608752929486437,anchored_confirmation,151.7489223150892,0.019125814660323176,tail_anchored,32768,confirmation,0.000307650339358867,917504,786432,20260921,0,115,5.207877945154905,5.207877945154905,21027010,tail_anchored,0.0024598851742180365,32768,0.019373266752429653,0.081391768549439,completed,2048,1,0.08630205885296781,0.022189715659562133,0.00028219209346876106,0.12190997508665619,0.023627846952678014,20.0,0.1291937214659563,0.02081762136121918
,4,33,701,1.0,8,0.5,4294967296,learned,64,0.06985706824194424,anchored_confirmation,125.69061700746259,0.01586958111962445,full,32768,confirmation,3.490250992062294e-05,0,0,20260921,0,99,6.105481348931789,6.105481348931789,21027020,full,0.0002792165164550311,32768,0.016277570602808752,0.035536839470789505,completed,2048,1,0.07452897580242711,0.01707444518658864,3.1521651053592614e-05,0.15050130739418938,0.018523004224580142,20.0,0.15890562766668426,0.01662343625531793
,4,34,701,1.0,8,0.5,268435456,learned,64,0.47890878324667735,anchored_confirmation,1478.096822962345,0.13761356124519977,tail_fixed,32768,confirmation,3.490250992040089e-05,0,0,20260921,0,487,4.322126649320126,4.322126649320126,21027020,tail_fixed,0.0002792165164551421,32768,0.14977771849762211,2.254367009136939,completed,2048,1,0.48373317794682213,0.13951057177778103,3.152165105337057e-05,0.5435000770850693,0.14417329406024887,20.0,0.5482198567062206,0.14249850282264417
"{'preparation_calls': 917504, 'preparation_seconds': 0.6573884449899197, 'preparation_factor_calls_per_grid_point': 448, 'newton_iterations': 6, 'anchor_grid_points': 2048, 'anchor_rule': 'parameter-only six-step clipped Newton fixed-point iteration'}",4,35,701,1.0,8,0.5,269352960,learned,64,0.04781525026496404,anchored_confirmation,123.6117478118552,0.009639359177706322,tail_anchored,32768,confirmation,2.5596253448653683e-05,917504,786432,20260921,0,106,5.209815740585327,5.209815740585327,21027020,tail_anchored,0.00020476646467541135,32768,0.0128896209354986,0.049039135397779925,completed,2048,1,0.055555133135254876,0.011641264906217343,2.221539458162336e-05,0.14701203973739602,0.01563997145296418,20.0,0.1555747136070282,0.013246615025814607
,4,36,702,1.0,8,0.5,4294967296,learned,64,0.05915262452256625,anchored_confirmation,72.10151482810423,0.011768426618121223,full,32768,confirmation,0.002015041416668098,0,0,20260921,0,93,6.102794572710991,6.102794572710991,21027030,full,0.016108106501841656,32768,0.0141072940287239,0.027921664753173328,completed,2048,1,0.05759422695169799,0.011186111354291445,0.000718328539401375,0.1739524240110381,0.014363554408368569,20.0,0.17580101258589495,0.01444597231274898
,4,37,702,1.0,8,0.5,268435456,learned,64,0.2995357731037743,anchored_confirmation,276.91853796487084,0.07862841279757095,tail_fixed,32768,confirmation,0.013070619006233256,0,0,20260921,0,321,4.296822361648083,4.296822361648083,21027030,tail_fixed,0.10455272721836442,32768,0.08386176342370025,0.6669487163183326,completed,2048,1,0.2982990798008751,0.07858761123056504,0.011773906128966533,0.26735259396835503,0.07981786693685068,20.0,0.2690809483421077,0.08066042079606522
"{'preparation_calls': 917504, 'preparation_seconds': 0.6548873707652092, 'preparation_factor_calls_per_grid_point': 448, 'newton_iterations': 6, 'anchor_grid_points': 2048, 'anchor_rule': 'parameter-only six-step clipped Newton fixed-point iteration'}",4,38,702,1.0,8,0.5,269352960,learned,64,0.10503228740990961,anchored_confirmation,70.09192608771193,0.025188611993897575,tail_anchored,32768,confirmation,0.00035643233607021707,917504,786432,20260921,0,103,5.209357161074877,5.209357161074877,21027030,tail_anchored,0.002796311889894732,32768,0.0284543748992813,0.09176829464424673,completed,2048,1,0.09945555346494028,0.023595905300490903,0.0016507906855544457,0.17857304820723363,0.025211599423751,20.0,0.1804537532186257,0.026284305250629414
,4,39,703,1.0,8,0.5,4294967296,learned,64,0.05949372078833033,anchored_confirmation,97.65420439334106,0.012609387909043774,full,32768,confirmation,0.011270310131068564,0,0,20260921,0,94,6.102506551891565,6.102506551891565,21027040,full,0.06588241467913526,32768,0.014192590215381553,0.06360256564743123,completed,2048,1,0.06532685986533707,0.014592605649596064,0.01087160487591167,0.13862149015811687,0.017019294014054602,20.0,0.14561681809360633,0.015425254835553508
,4,40,703,1.0,8,0.5,268435456,learned,64,0.24446563550472367,anchored_confirmation,499.8001954451575,0.0669869962253874,tail_fixed,32768,confirmation,0.015519539712206959,0,0,20260921,0,403,4.323495779186487,4.323495779186487,21027040,tail_fixed,0.07813332453252364,32768,0.08061341790806137,0.48643851947681505,completed,2048,1,0.24231080664334964,0.0664234931462026,0.015824185318136397,0.2480222029560417,0.0682291139603951,20.0,0.25406641818886344,0.06949478334702769
"{'preparation_calls': 917504, 'preparation_seconds': 0.733974676579237, 'preparation_factor_calls_per_grid_point': 448, 'newton_iterations': 6, 'anchor_grid_points': 2048, 'anchor_rule': 'parameter-only six-step clipped Newton fixed-point iteration'}",4,41,703,1.0,8,0.5,269352960,learned,64,0.1446798495344387,anchored_confirmation,101.0363092299319,0.03653316676622152,tail_anchored,32768,confirmation,0.01770865033095413,917504,786432,20260921,0,108,5.283396802842617,5.283396802842617,21027040,tail_anchored,0.09755459548712543,32768,0.04105964327018127,0.1297294286562171,completed,2048,1,0.14356521492105728,0.03632354312251807,0.01801329593688357,0.21364814110148694,0.036597848706462925,20.0,0.22025404031517493,0.03690637324567779
,4,42,704,1.0,8,0.5,4294967296,learned,64,0.06032294842288328,anchored_confirmation,92.949935418968,0.013161684800101749,full,32768,confirmation,0.00969191897358613,0,0,20260921,0,93,6.106726512312889,6.106726512312889,21027050,full,0.05792249587883937,32768,0.013820688573761236,0.02658619674065765,completed,2048,1,0.06587180964475566,0.015074782933415735,0.01368709158000165,0.1551700264981027,0.016604433221209674,20.0,0.16498367383923546,0.014846867042938377
,4,43,704,1.0,8,0.5,268435456,learned,64,0.34446029368649034,anchored_confirmation,715.7911838888334,0.09191100850420895,tail_fixed,32768,confirmation,0.04223626454535837,0,0,20260921,0,420,4.311389848589897,4.311389848589897,21027050,tail_fixed,0.2517807844520604,32768,0.10440474369813743,0.9164898278658591,completed,2048,1,0.3389530380030997,0.09026702604717678,0.04078245772448096,0.35694920995263174,0.09302623253207633,20.0,0.36445006792804724,0.09376349245946967
"{'preparation_calls': 917504, 'preparation_seconds': 0.7315572053194046, 'preparation_factor_calls_per_grid_point': 448, 'newton_iterations': 6, 'anchor_grid_points': 2048, 'anchor_rule': 'parameter-only six-step clipped Newton fixed-point iteration'}",4,44,704,1.0,8,0.5,269352960,learned,64,0.04420505453245059,anchored_confirmation,94.13985692640577,0.009480974249775473,tail_anchored,32768,confirmation,0.005475905426085177,917504,786432,20260921,0,106,5.280091665685177,5.280091665685177,21027050,tail_anchored,0.028531548979586305,32768,0.009691604492533541,0.07029647725654228,completed,2048,1,0.04641451483286371,0.00949561719575701,0.007074107882221549,0.13164240356174658,0.011640875632777561,20.0,0.13703963928967378,0.011550013444331313
,4,45,705,1.0,8,0.5,4294967296,learned,64,0.05842484245616897,anchored_confirmation,138.50173928094534,0.011012659030108986,full,32768,confirmation,3.1750918475792478e-06,0,0,20260921,0,94,6.104285184293985,6.104285184293985,21027060,full,2.5400553204752793e-05,32768,0.01301049133932375,0.02797158627952939,completed,2048,1,0.06430752677190027,0.012806215310013538,3.2864561416851013e-06,0.17959854801542777,0.015643939192450072,20.0,0.18850388542136043,0.01421339841673274
,4,46,705,1.0,8,0.5,268435456,learned,64,0.3358479282215773,anchored_confirmation,868.1463099252202,0.08852271296757803,tail_fixed,32768,confirmation,3.175091847634759e-06,0,0,20260921,0,468,4.411713685840368,4.411713685840368,21027060,tail_fixed,2.54005531988131e-05,32768,0.07421319562026457,0.7792899229999984,completed,2048,1,0.3473021896756013,0.09194959836604416,3.2864561417406124e-06,0.32551603254351946,0.09265606459485906,20.0,0.3331609767315585,0.08925630625638004
"{'preparation_calls': 917504, 'preparation_seconds': 0.6555329598486423, 'preparation_factor_calls_per_grid_point': 448, 'newton_iterations': 6, 'anchor_grid_points': 2048, 'anchor_rule': 'parameter-only six-step clipped Newton fixed-point iteration'}",4,47,705,1.0,8,0.5,269352960,learned,64,0.10442960362297851,anchored_confirmation,146.99588810916643,0.023674524434359606,tail_anchored,32768,confirmation,3.1750918475792478e-06,917504,786432,20260921,0,114,5.322809934616089,5.322809934616089,21027060,tail_anchored,2.5400553203531548e-05,32768,0.026241661797397696,0.06669974385865585,completed,2048,1,0.10713547331217943,0.024444476882555154,3.2864561416851013e-06,0.20431527750593764,0.026078915202634254,20.0,0.21295038952785716,0.02521306383051304
,4,48,706,1.0,8,0.5,4294967296,learned,64,0.05803691092136348,anchored_confirmation,86.09501999935146,0.012277672275638727,full,32768,confirmation,0.011111487113814704,0,0,20260921,0,96,6.109532598406076,6.109532598406076,21027070,full,0.07276900732658503,32768,0.013467564113878349,0.03682032693783107,completed,2048,1,0.06837530855356833,0.01538057041424898,0.011356199796025541,0.14806917994878804,0.016497901634780834,20.0,0.15758320336428389,0.014009434282061936
,4,49,706,1.0,8,0.5,268435456,learned,64,0.3155865003572763,anchored_confirmation,430.01087964495434,0.07721809024038823,tail_fixed,32768,confirmation,0.011935010796417032,0,0,20260921,0,373,4.3045416958630085,4.3045416958630085,21027070,tail_fixed,0.055388518527238,32768,0.08843556703149068,0.7613226901360819,completed,2048,1,0.32850772596141686,0.08110701487710159,0.014003725165534338,0.3901618329404176,0.08468520527926572,20.0,0.3970089719477444,0.08172366979460005
"{'preparation_calls': 917504, 'preparation_seconds': 0.6554941684007645, 'preparation_factor_calls_per_grid_point': 448, 'newton_iterations': 6, 'anchor_grid_points': 2048, 'anchor_rule': 'parameter-only six-step clipped Newton fixed-point iteration'}",4,50,706,1.0,8,0.5,269352960,learned,64,0.0998532806803871,anchored_confirmation,90.53755558319055,0.023749711775137385,tail_anchored,32768,confirmation,0.004984509130245521,917504,786432,20260921,0,111,5.20803239941597,5.20803239941597,21027070,tail_anchored,0.025864431505333685,32768,0.03955928484175797,0.10235254999449993,completed,2048,1,0.10011302697245268,0.024179759239929578,0.002918147379985997,0.1534424395540939,0.026480461769665065,20.0,0.16106489811948366,0.02694454478313405
,4,51,707,1.0,8,0.5,4294967296,learned,64,0.07223411747312847,anchored_confirmation,107.13973422728358,0.01704665126745946,full,32768,confirmation,0.0025955924016691154,0,0,20260921,0,96,6.163534689694643,6.163534689694643,21027080,full,0.020045628061943897,32768,0.022960568212326785,0.11282733021777977,completed,2048,1,0.07191875305591848,0.017089012712345482,0.004180024364129224,0.1110325177831144,0.018251528863763383,20.0,0.11467564113823088,0.018337650097123518
,4,52,707,1.0,8,0.5,268435456,learned,64,0.48232386580391273,anchored_confirmation,1517.7608482458156,0.13106579685193367,tail_fixed,32768,confirmation,0.05436762164935882,0,0,20260921,0,479,4.31680316850543,4.31680316850543,21027080,tail_fixed,0.43438895503994057,32768,0.13051223777230744,1.8949460963749645,completed,2048,1,0.4781348341342001,0.12934095159056186,0.05279221582219956,0.4656778254133518,0.13329781288724005,20.0,0.4683025629363174,0.13465577236457207
"{'preparation_calls': 917504, 'preparation_seconds': 0.7343008108437061, 'preparation_factor_calls_per_grid_point': 448, 'newton_iterations': 6, 'anchor_grid_points': 2048, 'anchor_rule': 'parameter-only six-step clipped Newton fixed-point iteration'}",4,53,707,1.0,8,0.5,269352960,learned,64,0.05005509164685064,anchored_confirmation,113.00005529252678,0.010100609687825873,tail_anchored,32768,confirmation,0.007389273134212586,917504,786432,20260921,0,112,5.284028176218271,5.284028176218271,21027080,tail_anchored,0.05872090812899054,32768,0.012803228729723549,0.037585329410013614,completed,2048,1,0.04449147142794544,0.008375764426454057,0.005813867307053327,0.14427491646648172,0.010998091056905912,20.0,0.14844405985065978,0.012448182134308863
,4,54,708,1.0,8,0.5,4294967296,learned,64,0.06217910893372032,anchored_confirmation,76.40545873780148,0.013929524724386579,full,32768,confirmation,0.010531556494582622,0,0,20260921,0,94,6.1073338240385056,6.1073338240385056,21027090,full,0.059024363441370936,32768,0.017345485437316156,0.04920182844371869,completed,2048,1,0.0647300847068531,0.014800921322860799,0.0082787379967946,0.1499214041627114,0.016394113864785557,20.0,0.157132803912519,0.015468471411011842
,4,55,708,1.0,8,0.5,268435456,learned,64,0.2161520769616303,anchored_confirmation,326.51928917751457,0.059152625432283334,tail_fixed,32768,confirmation,0.03536299919488227,0,0,20260921,0,367,4.301498204469681,4.301498204469681,21027090,tail_fixed,0.1993971244546731,32768,0.0988252702541812,0.45360481918495427,completed,2048,1,0.2204315726838754,0.06094611035399143,0.035207163491613444,0.2551079070774554,0.06299741348052706,20.0,0.2614007354496881,0.06141643787448506
"{'preparation_calls': 917504, 'preparation_seconds': 0.7403166890144348, 'preparation_factor_calls_per_grid_point': 448, 'newton_iterations': 6, 'anchor_grid_points': 2048, 'anchor_rule': 'parameter-only six-step clipped Newton fixed-point iteration'}",4,56,708,1.0,8,0.5,269352960,learned,64,0.05392366427367519,anchored_confirmation,82.02669854401293,0.01202483643218219,tail_anchored,32768,confirmation,0.011113498558065177,917504,786432,20260921,0,111,5.294480342417955,5.294480342417955,21027090,tail_anchored,0.056649417777031974,32768,0.01902988745028493,0.05924963092494597,completed,2048,1,0.06019314222535397,0.013860181638407762,0.01157437648683629,0.14587406458120272,0.015852299065607034,20.0,0.15258716217518142,0.013979089027105754
,4,57,709,1.0,8,0.5,4294967296,learned,64,0.05314339653479867,anchored_confirmation,72.79379657372341,0.012183954206961185,full,32768,confirmation,0.003926430723513204,0,0,20260921,0,90,6.100783817470074,6.100783817470074,21027100,full,0.029312278803511567,32768,0.01271791749471931,0.040821675782826944,completed,2048,1,0.052986336018542426,0.011956728252533029,0.0035176615185194843,0.12832826450221313,0.013474347031482092,20.0,0.13546052583129273,0.013357535402764
,4,58,709,1.0,8,0.5,268435456,learned,64,0.2505649782088583,anchored_confirmation,265.37304854485586,0.06742432689009797,tail_fixed,32768,confirmation,0.01187775292925465,0,0,20260921,0,342,4.304481245577335,4.304481245577335,21027100,tail_fixed,0.053457542627747434,32768,0.06970850543761997,0.46915135049867024,completed,2048,1,0.2545154791268173,0.06856493497384564,0.012734029683939954,0.2445879798662871,0.06992814233702083,20.0,0.2511019628769247,0.06900525131025853
"{'preparation_calls': 917504, 'preparation_seconds': 0.655332338064909, 'preparation_factor_calls_per_grid_point': 448, 'newton_iterations': 6, 'anchor_grid_points': 2048, 'anchor_rule': 'parameter-only six-step clipped Newton fixed-point iteration'}",4,59,709,1.0,8,0.5,269352960,learned,64,0.0486213641613871,anchored_confirmation,77.37553857165811,0.008778154227980988,tail_anchored,32768,confirmation,0.003140317941595888,917504,786432,20260921,0,106,5.213180281221867,5.213180281221867,21027100,tail_anchored,0.01910583131493258,32768,0.013874329618557455,0.03399388537179406,completed,2048,1,0.04912568428077871,0.00961456382446172,0.002284021112491791,0.14754114341315486,0.01300558617986897,20.0,0.15432477664343708,0.013659805379706291
,4,60,700,1.0,8,0.5,4294967296,learned,64,0.04793242594836648,anchored_confirmation,146.18309760730742,0.008946298460372766,full,32768,confirmation,0.0002897269289132559,0,0,20260921,0,97,6.151960790157318,6.151960790157318,21037010,full,0.0023165556261616916,32768,0.012389092864805318,0.049207582443686726,completed,2048,2,0.05478041129857747,0.010741578529840763,0.00023172606330908174,0.1773317271753309,0.013453036873652957,20.0,0.16619858545844785,0.012227242368325732
,4,61,700,1.0,8,0.5,268435456,learned,64,0.4423881051653544,anchored_confirmation,1768.6445741736982,0.11697406817593242,tail_fixed,32768,confirmation,0.00043272954504899874,0,0,20260921,0,514,4.3146377839148045,4.3146377839148045,21037010,tail_fixed,0.0034605765552507143,32768,0.10983229076844503,1.4789427843351548,completed,2048,2,0.43687328338696924,0.11493221792941943,0.0003747286794448246,0.49454604030852767,0.11640944603596358,20.0,0.48800920226794453,0.11794013693341879
"{'preparation_calls': 917504, 'preparation_seconds': 0.6571746580302715, 'preparation_factor_calls_per_grid_point': 448, 'newton_iterations': 6, 'anchor_grid_points': 2048, 'anchor_rule': 'parameter-only six-step clipped Newton fixed-point iteration'}",4,62,700,1.0,8,0.5,269352960,learned,64,0.1051555454471481,anchored_confirmation,156.04511397080222,0.024115827228889976,tail_anchored,32768,confirmation,0.0003271465353607864,917504,786432,20260921,0,119,5.213755626231432,5.213755626231432,21037010,tail_anchored,0.002615912477743825,32768,0.026246648511191444,0.08337131887093205,completed,2048,2,0.10348726082334943,0.023192224593295098,0.00026914566975661224,0.2012317761932546,0.0268027592880431,20.0,0.1908262668747388,0.02731036864334068
,4,63,701,1.0,8,0.5,4294967296,learned,64,0.04226165122627838,anchored_confirmation,121.90393362355192,0.00801778564363212,full,32768,confirmation,1.7533125148294637e-05,0,0,20260921,0,96,6.105968203395605,6.105968203395605,21037020,full,0.00014026090079555202,32768,0.00956846721100845,0.057070573915782984,completed,2048,2,0.059665526168866015,0.013375335280722017,1.1478613681489835e-05,0.16215590990605186,0.014577019408845164,20.0,0.1534267466979488,0.010835837250757797
,4,64,701,1.0,8,0.5,268435456,learned,64,0.44360788472782015,anchored_confirmation,1600.1081654464247,0.1243863674263275,tail_fixed,32768,confirmation,1.3328245617907908e-05,0,0,20260921,0,485,4.318237964063883,4.318237964063883,21037020,tail_fixed,0.00010662186455712716,32768,0.12960143379188155,1.7922903015145502,completed,2048,2,0.4492441129751148,0.12584719223553548,7.273734151103106e-06,0.4517672385921046,0.12707829317330163,20.0,0.4434436777496477,0.12582180727755182
"{'preparation_calls': 917504, 'preparation_seconds': 0.6544761471450329, 'preparation_factor_calls_per_grid_point': 448, 'newton_iterations': 6, 'anchor_grid_points': 2048, 'anchor_rule': 'parameter-only six-step clipped Newton fixed-point iteration'}",4,65,701,1.0,8,0.5,269352960,learned,64,0.07630177384728434,anchored_confirmation,126.3084503417788,0.0161945388303551,tail_anchored,32768,confirmation,3.757616252017537e-05,917504,786432,20260921,0,110,5.208704795688391,5.208704795688391,21037020,tail_anchored,0.00030060519976666725,32768,0.01687141777547564,0.0355270643037901,completed,2048,2,0.07865636251931571,0.016022936985192887,3.152165105337057e-05,0.20687098639873822,0.019080009546899653,20.0,0.19479179205520752,0.017679656614704914
,4,66,702,1.0,8,0.5,4294967296,learned,64,0.05407346429761434,anchored_confirmation,70.94350164565624,0.011273312906377102,full,32768,confirmation,0.005720585416253102,0,0,20260921,0,92,6.1907104924321175,6.1907104924321175,21037030,full,0.04575140637583622,32768,0.013246774819603678,0.03235899713658185,completed,2048,2,0.05943954324405876,0.012468680011602156,0.003364130417864583,0.17508925938015593,0.014658467075456256,20.0,0.16134883954029383,0.013853922201013063
,4,67,702,1.0,8,0.5,268435456,learned,64,0.2217471671254038,anchored_confirmation,303.7573104968591,0.056983533800960454,tail_fixed,32768,confirmation,0.004234511191722898,0,0,20260921,0,328,4.294412430375814,4.294412430375814,21037030,tail_fixed,0.033862812579592824,32768,0.06905914084948091,0.4951867857459569,completed,2048,2,0.2285370353372538,0.058753774108261936,0.0018780561933343792,0.254980196959151,0.06172783905125181,20.0,0.24260378453945414,0.06059668629843021
"{'preparation_calls': 917504, 'preparation_seconds': 0.6585147678852081, 'preparation_factor_calls_per_grid_point': 448, 'newton_iterations': 6, 'anchor_grid_points': 2048, 'anchor_rule': 'parameter-only six-step clipped Newton fixed-point iteration'}",4,68,702,1.0,8,0.5,269352960,learned,64,0.0839882734909632,anchored_confirmation,75.35017968542928,0.018440139435918195,tail_anchored,32768,confirmation,0.005244868772769168,917504,786432,20260921,0,110,5.279842980206013,5.279842980206013,21037030,tail_anchored,0.04194567322796723,32768,0.025135764261770187,0.05013346361464885,completed,2048,2,0.08949960154998121,0.02027235701236234,0.0028884137743806493,0.20113534553386792,0.023034303986280383,20.0,0.18802444038341354,0.02128132468334298
,4,69,703,1.0,8,0.5,4294967296,learned,64,0.09917386996696793,anchored_confirmation,98.44441438661117,0.024143087364092933,full,32768,confirmation,0.005394737513820136,0,0,20260921,0,94,6.099312279373407,6.099312279373407,21037040,full,0.03535863702044233,32768,0.02772420842949247,0.09836800380766149,completed,2048,2,0.09066352038010586,0.021391795778480265,0.004864077528485666,0.1746888445234001,0.023284629161454365,20.0,0.16858688687837592,0.025394902635247563
,4,70,703,1.0,8,0.5,268435456,learned,64,0.2986611240834895,anchored_confirmation,547.4397968048419,0.0815465219005719,tail_fixed,32768,confirmation,0.013843951964028475,0,0,20260921,0,406,4.312177162617445,4.312177162617445,21037040,tail_fixed,0.10765135862632087,32768,0.10088338348810483,0.7576410820181977,completed,2048,2,0.2899006392235609,0.07777724534553418,0.013698998178453978,0.3363311927100108,0.0803518792889533,20.0,0.327654244288001,0.0837038912255911
"{'preparation_calls': 917504, 'preparation_seconds': 0.7048424296081066, 'preparation_factor_calls_per_grid_point': 448, 'newton_iterations': 6, 'anchor_grid_points': 2048, 'anchor_rule': 'parameter-only six-step clipped Newton fixed-point iteration'}",4,71,703,1.0,8,0.5,269352960,learned,64,0.07217635323602747,anchored_confirmation,102.71656942009375,0.01741885301691018,tail_anchored,32768,confirmation,0.009102655032592277,917504,786432,20260921,0,110,5.313606847077608,5.313606847077608,21037040,tail_anchored,0.053211273164531496,32768,0.020959876921119697,0.05279344588799114,completed,2048,2,0.07517434919045271,0.01795188934055817,0.008451679085451108,0.15080188525024363,0.01898290393828516,20.0,0.13972686782984717,0.018307889323028976
,4,72,704,1.0,8,0.5,4294967296,learned,64,0.04753495675381979,anchored_confirmation,92.46122968823092,0.009671338635132228,full,32768,confirmation,0.0070914625993865575,0,0,20260921,0,93,6.183019228279591,6.183019228279591,21037050,full,0.03986219496123604,32768,0.010755404688791013,0.033150786510953045,completed,2048,2,0.0617826705708303,0.013391640987385163,0.016221536147664358,0.1587953175850633,0.015344636489367177,20.0,0.15155849835558222,0.011645075534165501
,4,73,704,1.0,8,0.5,268435456,learned,64,0.3587099883545827,anchored_confirmation,762.7391788481186,0.09404623770625634,tail_fixed,32768,confirmation,0.019439854848946725,0,0,20260921,0,427,4.31134831905365,4.31134831905365,21037050,tail_fixed,0.10102033322912397,32768,0.11327688015409246,1.0377139264237272,completed,2048,2,0.3456228767272803,0.08932207956117204,0.017192490587155745,0.4038775682523445,0.0946060302114019,20.0,0.3983483371240555,0.09693127108112595
"{'preparation_calls': 917504, 'preparation_seconds': 0.6539494059979916, 'preparation_factor_calls_per_grid_point': 448, 'newton_iterations': 6, 'anchor_grid_points': 2048, 'anchor_rule': 'parameter-only six-step clipped Newton fixed-point iteration'}",4,74,704,1.0,8,0.5,269352960,learned,64,0.056448987154828406,anchored_confirmation,100.41315522633734,0.010390455328613796,tail_anchored,32768,confirmation,0.005620334518149223,917504,786432,20260921,0,114,5.3045154847204685,5.3045154847204685,21037050,tail_anchored,0.0319425000349715,32768,0.012515990882260448,0.03154909220861566,completed,2048,2,0.06925225082358208,0.014245204613953108,0.013905912069644422,0.19026070116941957,0.017178192148215102,20.0,0.18348321140926893,0.014633604683112363
,4,75,705,1.0,8,0.5,4294967296,learned,64,0.061542920567132495,anchored_confirmation,135.45423437022023,0.013296357731687448,full,32768,confirmation,2.4960680501673327e-06,0,0,20260921,0,96,6.152016766369343,6.152016766369343,21037060,full,1.9968425351624246e-05,32768,0.015705159438503993,0.0526433956667133,completed,2048,2,0.0659409914883929,0.015092301476157081,3.2864561416851013e-06,0.14657806028427206,0.015907147457395035,20.0,0.13817238470228296,0.01567426297977959
,4,76,705,1.0,8,0.5,268435456,learned,64,0.3388305903516933,anchored_confirmation,925.5482995157492,0.08585249679991291,tail_fixed,32768,confirmation,2.496068050222844e-06,0,0,20260921,0,471,4.323612209409475,4.323612209409475,21037060,tail_fixed,1.99684253484046e-05,32768,0.07538635817825676,0.7471863289946589,completed,2048,2,0.34697391361964214,0.08843843571268367,3.2864561417406124e-06,0.3718516830833032,0.0899349431677661,20.0,0.36397077711395376,0.08731424339038914
"{'preparation_calls': 917504, 'preparation_seconds': 0.6554785408079624, 'preparation_factor_calls_per_grid_point': 448, 'newton_iterations': 6, 'anchor_grid_points': 2048, 'anchor_rule': 'parameter-only six-step clipped Newton fixed-point iteration'}",4,77,705,1.0,8,0.5,269352960,learned,64,0.08893118350417697,anchored_confirmation,144.9895344244339,0.02091497436958059,tail_anchored,32768,confirmation,2.4960680501673327e-06,917504,786432,20260921,0,114,5.207295063883066,5.207295063883066,21037060,tail_anchored,1.9968425345795575e-05,32768,0.021230199887722415,0.06606452569260571,completed,2048,2,0.08065921206181102,0.018602729828668854,3.2864561416851013e-06,0.17796770427580066,0.019691618926098997,20.0,0.16924612984032894,0.022002333252484744
,4,78,706,1.0,8,0.5,4294967296,learned,64,0.054792130777247525,anchored_confirmation,88.63766514784758,0.010773650812197787,full,32768,confirmation,0.00600827856130709,0,0,20260921,0,98,6.107092507183552,6.107092507183552,21037070,full,0.03682199064426911,32768,0.013228472660750373,0.043341675073935125,completed,2048,2,0.06962471868488304,0.014908921268936188,0.008510514950819878,0.17291684865275603,0.016104164467181683,20.0,0.1644112075381923,0.013117799613778685
,4,79,706,1.0,8,0.5,268435456,learned,64,0.2921354010056733,anchored_confirmation,466.5920079147101,0.07636325965767943,tail_fixed,32768,confirmation,0.019462371517591878,0,0,20260921,0,384,4.305955119431019,4.305955119431019,21037070,tail_fixed,0.11434756066508173,32768,0.09245663530062057,0.7126713828346581,completed,2048,2,0.2959884536910543,0.07798551308732893,0.021306213962120568,0.2767347586529863,0.07861362531213256,20.0,0.26999493168848754,0.0770836073597216
"{'preparation_calls': 917504, 'preparation_seconds': 0.6622327156364918, 'preparation_factor_calls_per_grid_point': 448, 'newton_iterations': 6, 'anchor_grid_points': 2048, 'anchor_rule': 'parameter-only six-step clipped Newton fixed-point iteration'}",4,80,706,1.0,8,0.5,269352960,learned,64,0.045972095496793,anchored_confirmation,86.41391790933511,0.007249551726149206,tail_anchored,32768,confirmation,0.010080180538331832,917504,786432,20260921,0,106,5.215803250670433,5.215803250670433,21037070,tail_anchored,0.06765638572797139,32768,0.009987929890754005,0.02688933792486619,completed,2048,2,0.06004643479740769,0.011433782701979447,0.01261380111934085,0.1787428507136527,0.014168512873531658,20.0,0.17021162792565553,0.010825995697779554
,4,81,707,1.0,8,0.5,4294967296,learned,64,0.07773971133853387,anchored_confirmation,102.96176882481544,0.01827804578248328,full,32768,confirmation,0.01894019287183693,0,0,20260921,0,97,6.115662273019552,6.115662273019552,21037080,full,0.15112604074585148,32768,0.020398894897805275,0.05248981932088721,completed,2048,2,0.08101938434818115,0.01873949070152045,0.022763713736546745,0.16661556478997366,0.020741106296616442,20.0,0.1526753066937736,0.019291290611130645
,4,82,707,1.0,8,0.5,268435456,learned,64,0.47718662512894616,anchored_confirmation,1539.750260151875,0.12605848543793963,tail_fixed,32768,confirmation,0.05420457399395299,0,0,20260921,0,483,4.317114308476448,4.317114308476448,21037080,tail_fixed,0.43313782255192534,32768,0.1253307492256401,1.791965350303725,completed,2048,2,0.45570970739948974,0.1195775924491527,0.05043200456349694,0.4397718954034876,0.12286412296875471,20.0,0.4307533721067561,0.1289733375774066
"{'preparation_calls': 917504, 'preparation_seconds': 0.6560923457145691, 'preparation_factor_calls_per_grid_point': 448, 'newton_iterations': 6, 'anchor_grid_points': 2048, 'anchor_rule': 'parameter-only six-step clipped Newton fixed-point iteration'}",4,83,707,1.0,8,0.5,269352960,learned,64,0.17497565576822116,anchored_confirmation,107.60699673167018,0.0437115338357731,tail_anchored,32768,confirmation,0.034765074721140585,917504,786432,20260921,0,113,5.2108894772827625,5.2108894772827625,21037080,tail_anchored,0.27785138294102935,32768,0.03700213675661272,0.25696297856949524,completed,2048,2,0.1718553898031026,0.042696286053290046,0.030992505290684532,0.18027692304951975,0.04402715819855619,20.0,0.16654780217198273,0.04421507275919227
,4,84,708,1.0,8,0.5,4294967296,learned,64,0.053002597396730654,anchored_confirmation,78.4829619464412,0.010264364773156936,full,32768,confirmation,0.014585871040326711,0,0,20260921,0,95,6.103683393448591,6.103683393448591,21037090,full,0.09457490348258274,32768,0.014102308989508889,0.02821710441438123,completed,2048,2,0.0598122601350119,0.011492406224750737,0.018331692606159616,0.18299769558276582,0.015311272391934359,20.0,0.17223441494951125,0.01296077901471769
,4,85,708,1.0,8,0.5,268435456,learned,64,0.22104038964398973,anchored_confirmation,333.7698816972382,0.0591994542317376,tail_fixed,32768,confirmation,0.024851554270184983,0,0,20260921,0,362,4.402706876397133,4.402706876397133,21037090,tail_fixed,0.15996843024140708,32768,0.09771193379078758,0.42323066126080644,completed,2048,2,0.22099627369559105,0.0596477691637943,0.026436952335913734,0.27510926560604854,0.06142697914248535,20.0,0.265028507169245,0.060767078436297334
"{'preparation_calls': 917504, 'preparation_seconds': 0.6539098620414734, 'preparation_factor_calls_per_grid_point': 448, 'newton_iterations': 6, 'anchor_grid_points': 2048, 'anchor_rule': 'parameter-only six-step clipped Newton fixed-point iteration'}",4,86,708,1.0,8,0.5,269352960,learned,64,0.04609423493784727,anchored_confirmation,81.70321756815181,0.007834339229827932,tail_anchored,32768,confirmation,0.01241687410813851,917504,786432,20260921,0,110,5.209754858165979,5.209754858165979,21037090,tail_anchored,0.0705323026759648,32768,0.009799480330440672,0.0406401502497837,completed,2048,2,0.0529228982406839,0.009474177609263813,0.016162695673971415,0.17264406798076104,0.012664104635445836,20.0,0.16077887595655047,0.01077837919162088
,4,87,709,1.0,8,0.5,4294967296,learned,64,0.07507789871826762,anchored_confirmation,79.0108794275064,0.016003715373577976,full,32768,confirmation,0.010808145098327688,0,0,20260921,0,95,6.105790328234434,6.105790328234434,21037100,full,0.08238940536128145,32768,0.01778174412452359,0.040586124771473185,completed,2048,2,0.08193402982025635,0.018152824256811764,0.01035763037726713,0.20436453773751706,0.019706709893748307,20.0,0.1936379877767342,0.01856733496776844
,4,88,709,1.0,8,0.5,268435456,learned,64,0.290883824705317,anchored_confirmation,283.23166756991253,0.07767374111557909,tail_fixed,32768,confirmation,0.008330547413651428,0,0,20260921,0,345,4.299924079328775,4.299924079328775,21037100,tail_fixed,0.04642045934518065,32768,0.07129236872056649,0.61956718969204,completed,2048,2,0.28925297877413186,0.07710382594856646,0.010719528009009148,0.23877687833967765,0.07802127770241606,20.0,0.22826200726764662,0.07870068040642947
"{'preparation_calls': 917504, 'preparation_seconds': 0.654910933226347, 'preparation_factor_calls_per_grid_point': 448, 'newton_iterations': 6, 'anchor_grid_points': 2048, 'anchor_rule': 'parameter-only six-step clipped Newton fixed-point iteration'}",4,89,709,1.0,8,0.5,269352960,learned,64,0.093780138851418,anchored_confirmation,78.9244031325261,0.0207643337096407,tail_anchored,32768,confirmation,0.004285133526024286,917504,786432,20260921,0,109,5.20647969096899,5.20647969096899,21037100,tail_anchored,0.028096310930109746,32768,0.024282382880768182,0.06821241808591318,completed,2048,2,0.10687973217480842,0.024941160458618102,0.006674114121382006,0.19977424199397958,0.02616368850718674,20.0,0.18864205090687214,0.02341143776152823
,4,90,700,1.0,8,0.5,4294967296,learned,64,0.04794045392067016,anchored_confirmation,143.3761174207571,0.0093342398001105,full,32768,confirmation,0.00028517689776721733,0,0,20260921,0,96,6.109246179461479,6.109246179461479,21047010,full,0.0018384475467682119,32768,0.010742873995373214,0.0387223216803046,completed,2048,3,0.04779951148050202,0.009503511873942203,0.0002508280915551445,0.14756582927574352,0.011620625402274362,20.0,0.15152253202813026,0.011733079366951959
,4,91,700,1.0,8,0.5,268435456,learned,64,0.4062050685171312,anchored_confirmation,1663.475609252157,0.11342958451135057,tail_fixed,32768,confirmation,0.00034506519772649347,0,0,20260921,0,513,4.324625827372074,4.324625827372074,21047010,tail_fixed,0.002759183322781051,32768,0.11463541340968629,1.478632103230745,completed,2048,3,0.4009396473232137,0.11254813509672221,0.00036423953079653404,0.40906750976025325,0.11600302890079549,20.0,0.4115021084108111,0.11627750264484005
"{'preparation_calls': 917504, 'preparation_seconds': 0.6553897969424725, 'preparation_factor_calls_per_grid_point': 448, 'newton_iterations': 6, 'anchor_grid_points': 2048, 'anchor_rule': 'parameter-only six-step clipped Newton fixed-point iteration'}",4,92,700,1.0,8,0.5,269352960,learned,64,0.07061961039222356,anchored_confirmation,152.5599205259356,0.015715512480229767,tail_anchored,32768,confirmation,0.0002037567641390986,917504,786432,20260921,0,116,5.209172356873751,5.209172356873751,21047010,tail_anchored,0.0016287158540774262,32768,0.017345787235023554,0.03297204077940317,completed,2048,3,0.06745765092992695,0.014834063065601387,0.00022293109720913917,0.17388375782307217,0.017607315868727786,20.0,0.17742350391845058,0.01796662385872054
,4,93,701,1.0,8,0.5,4294967296,learned,64,0.06797402766208084,anchored_confirmation,116.57263021315083,0.01529193129754345,full,32768,confirmation,2.5364431529145692e-05,0,0,20260921,0,93,6.098903860896826,6.098903860896826,21047020,full,0.00020291345104972577,32768,0.01607873694831053,0.04403813455341002,completed,2048,3,0.0690958847947806,0.01556579113001208,3.1521651053204036e-05,0.16963899861045817,0.0177190684899179,20.0,0.17325632899935545,0.0170287345511966
,4,94,701,1.0,8,0.5,268435456,learned,64,0.44842516594522985,anchored_confirmation,1533.5668130700092,0.12424505030466468,tail_fixed,32768,confirmation,2.5364431529811826e-05,0,0,20260921,0,483,4.414226487278938,4.414226487278938,21047020,tail_fixed,0.0002029134510498368,32768,0.12403690523090395,1.8010753924297338,completed,2048,3,0.4635180067107683,0.1286037003981282,3.152165105387017e-05,0.5108232181082761,0.13136218270321967,20.0,0.5127346559236934,0.12711341223543823
"{'preparation_calls': 917504, 'preparation_seconds': 0.7359039299190044, 'preparation_factor_calls_per_grid_point': 448, 'newton_iterations': 6, 'anchor_grid_points': 2048, 'anchor_rule': 'parameter-only six-step clipped Newton fixed-point iteration'}",4,95,701,1.0,8,0.5,269352960,learned,64,0.06479314518843643,anchored_confirmation,127.9918411992669,0.013379511976500814,tail_anchored,32768,confirmation,3.248345432388389e-05,917504,786432,20260921,0,110,5.285827185958624,5.285827185958624,21047020,tail_anchored,0.00024948227697449573,32768,0.015453703807906182,0.03675722392561796,completed,2048,3,0.06283250401812952,0.012843804833355496,2.7205125054038937e-05,0.16777998468446514,0.014503564417709485,20.0,0.1713270506982421,0.015077826647261532
,4,96,702,1.0,8,0.5,4294967296,learned,64,0.06290921485006086,anchored_confirmation,70.33898856090835,0.013852366408470247,full,32768,confirmation,0.0024970833230619494,0,0,20260921,0,92,6.120647449046373,6.120647449046373,21047030,full,0.019966893398730506,32768,0.013806582251065187,0.040251073257701955,completed,2048,3,0.04950609078406248,0.00954961557075246,0.003095648271653567,0.14880323703226508,0.012230464337414714,20.0,0.1512792651887584,0.015426313209283282
,4,97,702,1.0,8,0.5,268435456,learned,64,0.2840090936522985,anchored_confirmation,282.7150062816846,0.07326842522768329,tail_fixed,32768,confirmation,0.00906124778830307,0,0,20260921,0,325,4.3001291416585445,4.3001291416585445,21047030,tail_fixed,0.07248020912066575,32768,0.07013870956084908,0.5136105581567426,completed,2048,3,0.27213580827957795,0.0695132693294657,0.009659812736894688,0.2841308646185223,0.0700370384971937,20.0,0.2859564892949046,0.07387392349832579
"{'preparation_calls': 917504, 'preparation_seconds': 0.7318911515176296, 'preparation_factor_calls_per_grid_point': 448, 'newton_iterations': 6, 'anchor_grid_points': 2048, 'anchor_rule': 'parameter-only six-step clipped Newton fixed-point iteration'}",4,98,702,1.0,8,0.5,269352960,learned,64,0.06200926363813656,anchored_confirmation,72.43793737668577,0.013262969191377769,tail_anchored,32768,confirmation,0.005167757030101305,917504,786432,20260921,0,107,5.285977885127068,5.285977885127068,21047030,tail_anchored,0.041329474869484545,32768,0.015745477706345597,0.06437383739217792,completed,2048,3,0.07176191409769242,0.01640644662482778,0.005766398593537142,0.16139333161651898,0.018672839667126094,20.0,0.16370545464016312,0.016520452605529045
,4,99,703,1.0,8,0.5,4294967296,learned,64,0.06150806411434358,anchored_confirmation,95.98962138782953,0.013743166579429106,full,32768,confirmation,0.005118555172573452,0,0,20260921,0,89,6.099155731499195,6.099155731499195,21047040,full,0.032982465294394664,32768,0.01893598312780833,0.04136090172254563,completed,2048,3,0.0603295373104621,0.013234597785497284,0.00902312342600188,0.14529391811211007,0.016149991839417538,20.0,0.1512084494019391,0.016523615394029606
,4,100,703,1.0,8,0.5,268435456,learned,64,0.323986776819839,anchored_confirmation,522.3822606744116,0.08913552994808345,tail_fixed,32768,confirmation,0.060900403967248544,0,0,20260921,0,406,4.310120850801468,4.310120850801468,21047040,tail_fixed,0.4274998414650845,32768,0.09851468782016043,0.7900245897455631,completed,2048,3,0.3319271791228069,0.09178399982756115,0.06272450865756626,0.2685606352232984,0.09190304738988636,20.0,0.2732673344735953,0.08940345193242388
"{'preparation_calls': 917504, 'preparation_seconds': 0.6544944494962692, 'preparation_factor_calls_per_grid_point': 448, 'newton_iterations': 6, 'anchor_grid_points': 2048, 'anchor_rule': 'parameter-only six-step clipped Newton fixed-point iteration'}",4,101,703,1.0,8,0.5,269352960,learned,64,0.11677291824026367,anchored_confirmation,101.73974369839976,0.028634679971328927,tail_anchored,32768,confirmation,0.005851080405793213,917504,786432,20260921,0,107,5.254276260733604,5.254276260733604,21047040,tail_anchored,0.03699687868471057,32768,0.028955911384321787,0.09391678679807712,completed,2048,3,0.12287753058108603,0.030598554015096393,0.011532775777928647,0.1953255404691623,0.03288197165864652,20.0,0.20075119319193474,0.03121908387132961
,4,102,704,1.0,8,0.5,4294967296,learned,64,0.06127370563699846,anchored_confirmation,91.84151250874375,0.012690207953025757,full,32768,confirmation,0.01822088736863206,0,0,20260921,0,92,6.106093410402536,6.106093410402536,21047050,full,0.08647487616703464,32768,0.016018651626027447,0.04385573124231078,completed,2048,3,0.05764812422932056,0.011045705327053228,0.01890534186785027,0.17609802465944946,0.015135197914237293,20.0,0.18167889604811607,0.015844184500981424
,4,103,704,1.0,8,0.5,268435456,learned,64,0.426525308744016,anchored_confirmation,703.3612429311585,0.11253265892142009,tail_fixed,32768,confirmation,0.07015284662307618,0,0,20260921,0,428,4.313267923891544,4.313267923891544,21047050,tail_fixed,0.3509448338260943,32768,0.11671077387344383,1.15940355659342,completed,2048,3,0.4230323445640458,0.11149449551478782,0.07083730112229439,0.42027634199095076,0.11256713702945631,20.0,0.424113135196559,0.11371053244866072
"{'preparation_calls': 917504, 'preparation_seconds': 0.6545070260763168, 'preparation_factor_calls_per_grid_point': 448, 'newton_iterations': 6, 'anchor_grid_points': 2048, 'anchor_rule': 'parameter-only six-step clipped Newton fixed-point iteration'}",4,104,704,1.0,8,0.5,269352960,learned,64,0.061349388744449486,anchored_confirmation,98.031112114585,0.011899893178422783,tail_anchored,32768,confirmation,0.008506192992769397,917504,786432,20260921,0,109,5.2052570804953575,5.2052570804953575,21047050,tail_anchored,0.046960986241704916,32768,0.01618115882909279,0.03708006100937615,completed,2048,3,0.05982189893856506,0.011501501857830257,0.011065943955426864,0.17953413367797097,0.015565761744012113,20.0,0.18341255943769663,0.01529491014043144
,4,105,705,1.0,8,0.5,4294967296,learned,64,0.05816161060890889,anchored_confirmation,130.6115709756176,0.01136943157989733,full,32768,confirmation,4.222010120777386e-06,0,0,20260921,0,92,6.1014621034264565,6.1014621034264565,21047060,full,3.377579269004427e-05,32768,0.012817788966115965,0.02734081148776677,completed,2048,3,0.06165099136313705,0.012454015705423323,3.2864561417961236e-06,0.1788037857348018,0.015298074484876547,20.0,0.18062841769863888,0.014809730140679014
,4,106,705,1.0,8,0.5,268435456,learned,64,0.4015762829027476,anchored_confirmation,860.4132987048168,0.10189272639805573,tail_fixed,32768,confirmation,4.222010120777386e-06,0,0,20260921,0,463,4.313914407044649,4.313914407044649,21047060,tail_fixed,3.377579268726871e-05,32768,0.1003409000563103,1.1949195207212056,completed,2048,3,0.3978749824403263,0.09992702052461974,3.2864561417961236e-06,0.4286765469350328,0.104085715737632,20.0,0.4302586631224351,0.1060468437127865
"{'preparation_calls': 917504, 'preparation_seconds': 0.6862666122615337, 'preparation_factor_calls_per_grid_point': 448, 'newton_iterations': 6, 'anchor_grid_points': 2048, 'anchor_rule': 'parameter-only six-step clipped Newton fixed-point iteration'}",4,107,705,1.0,8,0.5,269352960,learned,64,0.06507131133941592,anchored_confirmation,145.2084603711465,0.012842626745096841,tail_anchored,32768,confirmation,4.222010120777386e-06,917504,786432,20260921,0,113,5.239521905779839,5.239521905779839,21047060,tail_anchored,3.3775792684104575e-05,32768,0.013199353232927914,0.029383292134573174,completed,2048,3,0.057921298072318286,0.010589968101892111,3.2864561417961236e-06,0.1843576338622795,0.01394374161892864,20.0,0.18629127201394313,0.015423254979782504
,4,108,706,1.0,8,0.5,4294967296,learned,64,0.06632075233491053,anchored_confirmation,84.43951317494334,0.013521166322177959,full,32768,confirmation,0.0065749409102108525,0,0,20260921,0,96,6.15141835808754,6.15141835808754,21047070,full,0.04091598889459827,32768,0.01661291493350718,0.03177623251642405,completed,2048,3,0.05836650135864774,0.011320469264518825,0.011217890381180928,0.17792273677467196,0.013706697857081451,20.0,0.18134422107070197,0.015839956651107996
,4,109,706,1.0,8,0.5,268435456,learned,64,0.3118106437571232,anchored_confirmation,411.08247182213705,0.08011252433438518,tail_fixed,32768,confirmation,0.020296555827229355,0,0,20260921,0,371,4.311084020882845,4.311084020882845,21047070,tail_fixed,0.13529183292880761,32768,0.09621773011663612,0.8289019916807295,completed,2048,3,0.304941991251871,0.07747687423810393,0.01768774208380374,0.31538434444780394,0.0794375223614079,20.0,0.318378966246653,0.08220852035875295
"{'preparation_calls': 917504, 'preparation_seconds': 0.7368873246014118, 'preparation_factor_calls_per_grid_point': 448, 'newton_iterations': 6, 'anchor_grid_points': 2048, 'anchor_rule': 'parameter-only six-step clipped Newton fixed-point iteration'}",4,110,706,1.0,8,0.5,269352960,learned,64,0.058759829372742475,anchored_confirmation,90.23191448809949,0.013097860902618896,tail_anchored,32768,confirmation,0.007037887531429088,917504,786432,20260921,0,110,5.291437719017267,5.291437719017267,21047070,tail_anchored,0.04289046956640852,32768,0.01453640905266321,0.0579907988222762,completed,2048,3,0.04968370236700221,0.010342797073949282,0.011680837002399164,0.1275274617851609,0.012622353035966906,20.0,0.1311311289496861,0.015058707645995144
,4,111,707,1.0,8,0.5,4294967296,learned,64,0.05595765986237125,anchored_confirmation,102.83936998688952,0.011660564855192021,full,32768,confirmation,0.0030323633999174275,0,0,20260921,0,96,6.102722775191069,6.102722775191069,21047080,full,0.0236784670725781,32768,0.014215196629330946,0.048023163781792076,completed,2048,3,0.06162898816513833,0.013688731395094113,0.0028716406590743302,0.1448627683021661,0.01517302333276566,20.0,0.14754861540075265,0.014171813213324409
,4,112,707,1.0,8,0.5,268435456,learned,64,0.4899023794857523,anchored_confirmation,1461.1323557443532,0.13829164951792605,tail_fixed,32768,confirmation,0.05302826478811816,0,0,20260921,0,476,4.324688170105219,4.324688170105219,21047080,tail_fixed,0.4235978500615515,32768,0.14326081207700136,2.2248440262313323,completed,2048,3,0.4801412549553586,0.13452326630254274,0.05286754204727506,0.45717598930915104,0.13918907694519914,20.0,0.4585588036167994,0.14231679521126359
"{'preparation_calls': 917504, 'preparation_seconds': 0.6546453796327114, 'preparation_factor_calls_per_grid_point': 448, 'newton_iterations': 6, 'anchor_grid_points': 2048, 'anchor_rule': 'parameter-only six-step clipped Newton fixed-point iteration'}",4,113,707,1.0,8,0.5,269352960,learned,64,0.07563688496117177,anchored_confirmation,107.88632602418859,0.0164793015697275,tail_anchored,32768,confirmation,0.004260049198678802,917504,786432,20260921,0,114,5.208481602370739,5.208481602370739,21047080,tail_anchored,0.03338021334982747,32768,0.021752445124523234,0.09441293557690028,completed,2048,3,0.08359325089550859,0.019060196339039326,0.004376035839563618,0.1715589301184663,0.021068836099170048,20.0,0.17162749034320768,0.020017576632118346
,4,114,708,1.0,8,0.5,4294967296,learned,64,0.04734413603047623,anchored_confirmation,83.5240189724564,0.009897790321275761,full,32768,confirmation,0.017107631076649615,0,0,20260921,0,99,6.171114046126604,6.171114046126604,21047090,full,0.09077696468086394,32768,0.011236303482436216,0.04973269383220922,completed,2048,3,0.03873789359877228,0.006452298324485845,0.015434023045910432,0.1408694548507785,0.0100279789842847,20.0,0.14411495096290183,0.011363040467929677
,4,115,708,1.0,8,0.5,268435456,learned,64,0.22308573151300215,anchored_confirmation,313.4253960597642,0.05900277280373011,tail_fixed,32768,confirmation,0.03227891985628373,0,0,20260921,0,358,4.309392873197794,4.309392873197794,21047090,tail_fixed,0.18354611372539129,32768,0.09185519027868841,0.39976303286463843,completed,2048,3,0.19730427615903603,0.051165306693833124,0.026831349115463806,0.2725378859939552,0.053975940652309935,20.0,0.2754642584214094,0.060346487006487703
"{'preparation_calls': 917504, 'preparation_seconds': 0.6550983600318432, 'preparation_factor_calls_per_grid_point': 448, 'newton_iterations': 6, 'anchor_grid_points': 2048, 'anchor_rule': 'parameter-only six-step clipped Newton fixed-point iteration'}",4,116,708,1.0,8,0.5,269352960,learned,64,0.04743707969026284,anchored_confirmation,78.07688716042442,0.007363539158939541,tail_anchored,32768,confirmation,0.01892251693046792,917504,786432,20260921,0,106,5.211175516247749,5.211175516247749,21047090,tail_anchored,0.10432812449881697,32768,0.011084622619512369,0.04185454556710488,completed,2048,3,0.0588675340097493,0.011299979451272143,0.013474946189648,0.19605589039568783,0.0142259102801903,20.0,0.19758090308873116,0.012181981638165073
,4,117,709,1.0,8,0.5,4294967296,learned,64,0.05648926850733592,anchored_confirmation,71.58078650451895,0.010546944772792458,full,32768,confirmation,0.005005626713208302,0,0,20260921,0,89,6.102816000580788,6.102816000580788,21047100,full,0.037247998985557744,32768,0.0131623086803271,0.025936324154449793,completed,2048,3,0.05414535491422785,0.010198894077321486,0.004320153768527296,0.18676202428580124,0.013188753298030965,20.0,0.18941769201739983,0.013834455405392111
,4,118,709,1.0,8,0.5,268435456,learned,64,0.21641527520511655,anchored_confirmation,273.0603630417109,0.05674206628208255,tail_fixed,32768,confirmation,0.00783198353321567,0,0,20260921,0,338,4.391508094966412,4.391508094966412,21047100,tail_fixed,0.05844605323266575,32768,0.05344360865339839,0.37426231093806717,completed,2048,3,0.21546619551432594,0.056445252695018155,0.007146510588534664,0.20548499701493306,0.057818192038399566,20.0,0.20963010618326716,0.05839483503282315
"{'preparation_calls': 917504, 'preparation_seconds': 0.656375128775835, 'preparation_factor_calls_per_grid_point': 448, 'newton_iterations': 6, 'anchor_grid_points': 2048, 'anchor_rule': 'parameter-only six-step clipped Newton fixed-point iteration'}",4,119,709,1.0,8,0.5,269352960,learned,64,0.1094358799801302,anchored_confirmation,79.88466788422886,0.026831968102370173,tail_anchored,32768,confirmation,0.008398861306410781,917504,786432,20260921,0,110,5.207239963114262,5.207239963114262,21047100,tail_anchored,0.04239699552777722,32768,0.021276043391973493,0.1181116406937184,completed,2048,3,0.11610332591866371,0.02882717872679393,0.00948701165486335,0.16554641763146466,0.030177198857825372,20.0,0.1680997025749999,0.02821651118298288
,4,120,700,1.0,8,0.5,4294967296,learned,64,0.06017074128640865,anchored_confirmation,142.56762494812702,0.012785363795179,full,32768,confirmation,9.624658435768152e-05,0,0,20260921,0,98,6.153216000646353,6.153216000646353,21057010,full,0.00041365209273832237,32768,0.017315073540968926,0.07228374780791261,completed,2048,4,0.09415226815306009,0.022966921861887327,0.00011252836228914376,0.14190671081975725,0.02404804542067324,20.0,0.13661250489429827,0.015508142295024285
,4,121,700,1.0,8,0.5,268435456,learned,64,0.4564323834893611,anchored_confirmation,1703.954199673631,0.12151351397255405,tail_fixed,32768,confirmation,0.0003679723210378155,0,0,20260921,0,513,4.318524681031704,4.318524681031704,21057010,tail_fixed,0.002942699903059064,32768,0.11091025633301024,1.519809904023367,completed,2048,4,0.4798625540957245,0.13182396647364536,0.0003747286794449356,0.4959132865953555,0.13311294416765462,20.0,0.49583160043006724,0.12291486407417737
"{'preparation_calls': 917504, 'preparation_seconds': 0.6556513831019402, 'preparation_factor_calls_per_grid_point': 448, 'newton_iterations': 6, 'anchor_grid_points': 2048, 'anchor_rule': 'parameter-only six-step clipped Newton fixed-point iteration'}",4,122,700,1.0,8,0.5,269352960,learned,64,0.10685304261740175,anchored_confirmation,143.91207359551774,0.024910382016655234,tail_anchored,32768,confirmation,0.0002967690883757673,917504,786432,20260921,0,109,5.205355662852526,5.205355662852526,21057010,tail_anchored,0.0023730740417636483,32768,0.027374053885438104,0.08526885543395303,completed,2048,4,0.14071405519780794,0.03522083451774655,0.0003035254467828874,0.1959272811237008,0.03681626768150921,20.0,0.19550603107735226,0.027452702757969308
,4,123,701,1.0,8,0.5,4294967296,learned,64,0.10113860772535982,anchored_confirmation,121.54379566102179,0.023434092462762422,full,32768,confirmation,2.8922984347548586e-05,0,0,20260921,0,97,6.098046168684959,6.098046168684959,21057020,full,0.0002313813821449041,32768,0.023993609677095226,0.07344564134609768,completed,2048,4,0.13000637962132464,0.03163838055018057,3.15216510531624e-05,0.1931543838842647,0.03288630453971904,20.0,0.19287449138406162,0.024800664736943086
,4,124,701,1.0,8,0.5,268435456,learned,64,0.43531535935298055,anchored_confirmation,1492.4966808571585,0.12159974845674276,tail_fixed,32768,confirmation,2.8922984347798386e-05,0,0,20260921,0,487,4.320381913334131,4.320381913334131,21057020,tail_fixed,0.00023138138214601434,32768,0.11748921179217064,1.6281000526779985,completed,2048,4,0.44213309036247594,0.12667096636499448,3.15216510534122e-05,0.4221136145471672,0.1287414527843405,20.0,0.4221206310547999,0.12352233248933225
"{'preparation_calls': 917504, 'preparation_seconds': 0.6554201208055019, 'preparation_factor_calls_per_grid_point': 448, 'newton_iterations': 6, 'anchor_grid_points': 2048, 'anchor_rule': 'parameter-only six-step clipped Newton fixed-point iteration'}",4,125,701,1.0,8,0.5,269352960,learned,64,0.07577795995364676,anchored_confirmation,121.94664053491931,0.018309543260797853,tail_anchored,32768,confirmation,2.8922984347978797e-05,917504,786432,20260921,0,106,5.21114469692111,5.21114469692111,21057020,tail_anchored,0.00023138138214623638,32768,0.018637499457556342,0.09670043871623536,completed,2048,4,0.10044587157981215,0.025569865355240112,3.1521651053592614e-05,0.13363370392670942,0.026321399027514243,20.0,0.13538787494819005,0.01953434237612258
,4,126,702,1.0,8,0.5,4294967296,learned,64,0.09547206223150921,anchored_confirmation,71.91595641659886,0.02377922176117574,full,32768,confirmation,0.006462805211066708,0,0,20260921,0,93,6.107853341847658,6.107853341847658,21057030,full,0.051692433311131915,32768,0.025967815131662117,0.18316852350625443,completed,2048,4,0.10707166789775593,0.02727937234890286,0.006074972625731492,0.13716972711526204,0.028400658533884918,20.0,0.1352518104985013,0.025111035717192157
,4,127,702,1.0,8,0.5,268435456,learned,64,0.2668829525149809,anchored_confirmation,261.82925021370596,0.06964085049936312,tail_fixed,32768,confirmation,0.0030763509894135427,0,0,20260921,0,324,4.298007361590862,4.298007361590862,21057030,tail_fixed,0.024600799537907232,32768,0.07307840457029391,0.5797736706987608,completed,2048,4,0.2780729542654475,0.07339008533262308,0.002688518404078327,0.24396452610749153,0.07582798792227793,20.0,0.2401345671086317,0.072366952972478
"{'preparation_calls': 917504, 'preparation_seconds': 0.6562306210398674, 'preparation_factor_calls_per_grid_point': 448, 'newton_iterations': 6, 'anchor_grid_points': 2048, 'anchor_rule': 'parameter-only six-step clipped Newton fixed-point iteration'}",4,128,702,1.0,8,0.5,269352960,learned,64,0.08634732242244245,anchored_confirmation,72.07711805997886,0.020577679494920502,tail_anchored,32768,confirmation,0.0009736658198779696,917504,786432,20260921,0,107,5.206130098551512,5.206130098551512,21057030,tail_anchored,0.007779318181620714,32768,0.022111856893607465,0.07108478347556628,completed,2048,4,0.08618959678161273,0.020212075513911208,0.0005858332345427542,0.17257412094645203,0.021585930068719013,20.0,0.16842908614130897,0.021601361469694248
,4,129,703,1.0,8,0.5,4294967296,learned,64,0.09115962178440513,anchored_confirmation,95.58757463503413,0.022117601619184184,full,32768,confirmation,0.014288698781309853,0,0,20260921,0,93,6.117780324071646,6.117780324071646,21057040,full,0.062120285321472,32768,0.01989107702789089,0.06389719469806271,completed,2048,4,0.10272565771255865,0.025292647990759202,0.014207967336397162,0.17732571259928578,0.026519373415915135,20.0,0.17603805452023336,0.02317549505683544
,4,130,703,1.0,8,0.5,268435456,learned,64,0.27717243603042496,anchored_confirmation,493.9674721457393,0.07281548293035639,tail_fixed,32768,confirmation,0.0242978852659836,0,0,20260921,0,403,4.308804851025343,4.308804851025343,21057040,tail_fixed,0.16742918622957217,32768,0.08491862633140998,0.6195387638925157,completed,2048,4,0.29279047497379207,0.07815204500972882,0.025197442199053108,0.31162516032809706,0.08114340950029177,20.0,0.31050971217145296,0.07527362752965229
"{'preparation_calls': 917504, 'preparation_seconds': 0.6541984416544437, 'preparation_factor_calls_per_grid_point': 448, 'newton_iterations': 6, 'anchor_grid_points': 2048, 'anchor_rule': 'parameter-only six-step clipped Newton fixed-point iteration'}",4,131,703,1.0,8,0.5,269352960,learned,64,0.08043995114729502,anchored_confirmation,97.60536844967002,0.020083923051324823,tail_anchored,32768,confirmation,0.0011614645345394414,917504,786432,20260921,0,106,5.204798351973295,5.204798351973295,21057040,tail_anchored,0.005825306353048726,32768,0.02354879624390706,0.09089986608787427,completed,2048,4,0.09860831246743276,0.02530445687527686,0.0014640721865282758,0.13586165532992528,0.0262959770505754,20.0,0.13533480769977535,0.021080278561602196
,4,132,704,1.0,8,0.5,4294967296,learned,64,0.04374262030715939,anchored_confirmation,89.39281500532286,0.008453177736788258,full,32768,confirmation,0.012200679487750339,0,0,20260921,0,92,6.10998297855258,6.10998297855258,21057050,full,0.06817631513527533,32768,0.010989860318694764,0.03547522068548416,completed,2048,4,0.054067301972507975,0.011587602838193725,0.01096256265749989,0.163813325273867,0.014395144372754343,20.0,0.163205117480214,0.010791584844725418
,4,133,704,1.0,8,0.5,268435456,learned,64,0.29043670511825476,anchored_confirmation,696.5687455501452,0.08068532548411958,tail_fixed,32768,confirmation,0.028572817286406142,0,0,20260921,0,423,4.310508746653795,4.310508746653795,21057050,tail_fixed,0.18696037163529744,32768,0.09627167764767333,0.7426195695159107,completed,2048,4,0.3030050716858383,0.08503818118924353,0.028468508259597812,0.2795822002219454,0.08733100428135471,20.0,0.2787778111923707,0.0827447522272304
"{'preparation_calls': 917504, 'preparation_seconds': 0.6562862247228622, 'preparation_factor_calls_per_grid_point': 448, 'newton_iterations': 6, 'anchor_grid_points': 2048, 'anchor_rule': 'parameter-only six-step clipped Newton fixed-point iteration'}",4,134,704,1.0,8,0.5,269352960,learned,64,0.05793051485824074,anchored_confirmation,95.51116758171027,0.012512874249736971,tail_anchored,32768,confirmation,0.014421356288253265,917504,786432,20260921,0,109,5.208531301468611,5.208531301468611,21057050,tail_anchored,0.06302492706504935,32768,0.013715509149073372,0.049728407149351145,completed,2048,4,0.06527916975986714,0.014643608082176046,0.01026675081645774,0.15304355651869384,0.01663583253701508,20.0,0.15220596509790385,0.014158401127173904
,4,135,705,1.0,8,0.5,4294967296,learned,64,0.0996598719923917,anchored_confirmation,133.75344071332984,0.02314136600135487,full,32768,confirmation,2.5086254045458833e-06,0,0,20260921,0,98,6.107130270451307,6.107130270451307,21057060,full,2.0068890473451623e-05,32768,0.021513547203080276,0.08080604735132153,completed,2048,4,0.12653856559480461,0.030542686911292374,3.2864561416851013e-06,0.17095746420739005,0.03086841889812652,20.0,0.16965413534853932,0.02426146238132134
,4,136,705,1.0,8,0.5,268435456,learned,64,0.33517652600197795,anchored_confirmation,856.8063005459228,0.08471290251037125,tail_fixed,32768,confirmation,2.5086254045458833e-06,0,0,20260921,0,470,4.318106897175312,4.318106897175312,21057060,tail_fixed,2.006889046989891e-05,32768,0.08393919028364671,0.8588549606187473,completed,2048,4,0.3617122622127728,0.09282127657861616,3.2864561416851013e-06,0.3678463039866521,0.09741846278651653,20.0,0.3671265659916225,0.08963052558233149
"{'preparation_calls': 917504, 'preparation_seconds': 0.6555318385362625, 'preparation_factor_calls_per_grid_point': 448, 'newton_iterations': 6, 'anchor_grid_points': 2048, 'anchor_rule': 'parameter-only six-step clipped Newton fixed-point iteration'}",4,137,705,1.0,8,0.5,269352960,learned,64,0.06567383644655177,anchored_confirmation,136.31293351403818,0.014134644083528262,tail_anchored,32768,confirmation,2.5086254045458833e-06,917504,786432,20260921,0,109,5.2058963514864445,5.2058963514864445,21057060,tail_anchored,2.006889046612415e-05,32768,0.014655686696322822,0.04062851439123115,completed,2048,4,0.09101002485377363,0.020773835141310114,3.2864561416851013e-06,0.16178080716369805,0.02244875732045521,20.0,0.16039496440950557,0.016046573472461502
,4,138,706,1.0,8,0.5,4294967296,learned,64,0.07320363085546375,anchored_confirmation,85.04560214060004,0.016312622820485043,full,32768,confirmation,0.00989414354796845,0,0,20260921,0,97,6.107302755117416,6.107302755117416,21057070,full,0.06840753364660564,32768,0.01721756730012068,0.07644588267168605,completed,2048,4,0.09370763569853241,0.022046300786688938,0.009659878517244765,0.1534329053117394,0.022566236213749133,20.0,0.1522570587636543,0.017341360529677354
,4,139,706,1.0,8,0.5,268435456,learned,64,0.29987573895862435,anchored_confirmation,437.9200711070971,0.08199537021981719,tail_fixed,32768,confirmation,0.01880705218477339,0,0,20260921,0,372,4.313197053968906,4.313197053968906,21057070,tail_fixed,0.13668465216879527,32768,0.09841873755959112,0.8518636782416154,completed,2048,4,0.314116732245335,0.0867136253217983,0.018572787154049704,0.29511330388433243,0.08962427388884427,20.0,0.295713193590898,0.08513388096137275
"{'preparation_calls': 917504, 'preparation_seconds': 0.6551700681447983, 'preparation_factor_calls_per_grid_point': 448, 'newton_iterations': 6, 'anchor_grid_points': 2048, 'anchor_rule': 'parameter-only six-step clipped Newton fixed-point iteration'}",4,140,706,1.0,8,0.5,269352960,learned,64,0.04609204208005699,anchored_confirmation,84.77001520018013,0.007467093604205736,tail_anchored,32768,confirmation,0.0037729811595577784,917504,786432,20260921,0,108,5.207742907106876,5.207742907106876,21057070,tail_anchored,0.025641250143246454,32768,0.010776773452557892,0.03658552487894376,completed,2048,4,0.05290962484654896,0.0093654066130925,0.0035387161288340935,0.1758684237274818,0.013476043602190412,20.0,0.1746573701937655,0.011455536603355564
,4,141,707,1.0,8,0.5,4294967296,learned,64,0.06311465607538866,anchored_confirmation,100.6083438606091,0.013550774159782454,full,32768,confirmation,0.007801555867212138,0,0,20260921,0,94,6.1073342226445675,6.1073342226445675,21057080,full,0.06180329825466941,32768,0.016907098807621528,0.03055124167472996,completed,2048,4,0.08812477747150868,0.020678519111180092,0.008945031471804256,0.17529082365909648,0.021608295094020385,20.0,0.17294260024917235,0.015203851797861023
,4,142,707,1.0,8,0.5,268435456,learned,64,0.5521788505774591,anchored_confirmation,1463.4488889422532,0.14933200750111164,tail_fixed,32768,confirmation,0.05385925447677522,0,0,20260921,0,477,4.317165270447731,4.317165270447731,21057080,tail_fixed,0.43024710267041666,32768,0.13107155148638547,2.034382089799551,completed,2048,4,0.5655204894215622,0.1541552701640163,0.052716388878889665,0.42883998710173266,0.1545273473319296,20.0,0.4275500480743967,0.14978004088332092
"{'preparation_calls': 917504, 'preparation_seconds': 0.657374195754528, 'preparation_factor_calls_per_grid_point': 448, 'newton_iterations': 6, 'anchor_grid_points': 2048, 'anchor_rule': 'parameter-only six-step clipped Newton fixed-point iteration'}",4,143,707,1.0,8,0.5,269352960,learned,64,0.061825288960654715,anchored_confirmation,103.74910086050326,0.01445013064533667,tail_anchored,32768,confirmation,0.011307036813920698,917504,786432,20260921,0,107,5.210963524878025,5.210963524878025,21057080,tail_anchored,0.08988213495111076,32768,0.016123648517518872,0.055398800746701705,completed,2048,4,0.08290436785629351,0.01994325110773448,0.012450512418512815,0.11823725523137106,0.021063510503229008,20.0,0.11582470210841714,0.015880366487313738
,4,144,708,1.0,8,0.5,4294967296,learned,64,0.05894864500880381,anchored_confirmation,72.91283993033221,0.012287546406748825,full,32768,confirmation,0.015684705372918308,0,0,20260921,0,93,6.1063843704760075,6.1063843704760075,21057090,full,0.07199034082611848,32768,0.012958570960751358,0.044993868048209984,completed,2048,4,0.06754712650142156,0.01504003290803712,0.015123470279084332,0.16042460599544556,0.016368070266524593,20.0,0.15859735264755936,0.013675430996284058
,4,145,708,1.0,8,0.5,268435456,learned,64,0.21682729972831333,anchored_confirmation,310.03614556628855,0.05747692917425669,tail_fixed,32768,confirmation,0.015733814173632083,0,0,20260921,0,355,4.3078590631484985,4.3078590631484985,21057090,tail_fixed,0.08072843074005925,32768,0.09026543386849531,0.3556496337934308,completed,2048,4,0.22176817501149843,0.059966699335814395,0.015096003711204193,0.29875756514661156,0.06219765186364609,20.0,0.2974431315952597,0.059594618626164775
"{'preparation_calls': 917504, 'preparation_seconds': 0.6587491855025291, 'preparation_factor_calls_per_grid_point': 448, 'newton_iterations': 6, 'anchor_grid_points': 2048, 'anchor_rule': 'parameter-only six-step clipped Newton fixed-point iteration'}",4,146,708,1.0,8,0.5,269352960,learned,64,0.057025243750544935,anchored_confirmation,77.2406578867932,0.010108784938261934,tail_anchored,32768,confirmation,0.023671121795715216,917504,786432,20260921,0,105,5.214661382138729,5.214661382138729,21057090,tail_anchored,0.1321090262372815,32768,0.01422320720207185,0.025605022202699366,completed,2048,4,0.06754572872510817,0.013219733414590257,0.025619994010684096,0.18687866658641944,0.01628976641771658,20.0,0.18502265443397786,0.013366416082093963
,4,147,709,1.0,8,0.5,4294967296,learned,64,0.05182618381941617,anchored_confirmation,75.41991532180901,0.011296080770838744,full,32768,confirmation,0.0045415469603029696,0,0,20260921,0,94,6.095433313399553,6.095433313399553,21057100,full,0.024145059766692276,32768,0.013082807324155909,0.06112268982358032,completed,2048,4,0.06743334519462524,0.015633612252347617,0.004136405445682653,0.1502702592997277,0.016852341790973085,20.0,0.14620991135355477,0.013056116249017072
,4,148,709,1.0,8,0.5,268435456,learned,64,0.25492742053676026,anchored_confirmation,257.8007923263604,0.06665432407490307,tail_fixed,32768,confirmation,0.005034676780979477,0,0,20260921,0,337,4.307119559496641,4.307119559496641,21057100,tail_fixed,0.03939218489808123,32768,0.06895996310070981,0.49246299941144434,completed,2048,4,0.2630737268007779,0.06928212172111359,0.00599147563380549,0.2666300160443103,0.07018473360900512,20.0,0.26307593323382006,0.06739233354282004
"{'preparation_calls': 917504, 'preparation_seconds': 0.6543826051056385, 'preparation_factor_calls_per_grid_point': 448, 'newton_iterations': 6, 'anchor_grid_points': 2048, 'anchor_rule': 'parameter-only six-step clipped Newton fixed-point iteration'}",4,149,709,1.0,8,0.5,269352960,learned,64,0.07235553735961642,anchored_confirmation,76.70645701716329,0.016631724130602397,tail_anchored,32768,confirmation,0.002512883275372837,917504,786432,20260921,0,110,5.207090497016907,5.207090497016907,21057100,tail_anchored,0.023418090542847263,32768,0.022217144166835547,0.057643569619558056,completed,2048,4,0.08029424009725594,0.01887891260308258,0.0028545389292303413,0.1537462430293291,0.020400572244488782,20.0,0.15209702552125937,0.018752032073884664
