cell_id,training_seed,dataset_seed,setting_id,particles,method,mse,rmse,coverage90,coverage95,width90,width95
0,0,700,full,32768,full,0.00968765700587404,0.09842589601255372,0.875,1.0,0.33445924641339964,0.3981165293237595
1,0,700,tail_fixed,32768,tail_fixed,0.042180161005149895,0.20537809280726582,0.5,0.625,0.23542773658592997,0.2823632404035202
2,0,700,tail_anchored,32768,tail_anchored,0.01473448698955265,0.12138569516031389,0.75,0.875,0.3300056845002434,0.393047882095276
3,0,701,full,32768,full,0.017283347854902088,0.1314661471820867,0.75,0.875,0.3261131298761181,0.3876505233579253
4,0,701,tail_fixed,32768,tail_fixed,0.08038355945639082,0.28351994542957787,0.5,0.5,0.23859303743023733,0.2836096003625015
5,0,701,tail_anchored,32768,tail_anchored,0.01931369397611066,0.13897371685362186,0.75,0.875,0.3275131545999562,0.3896735354893832
6,0,702,full,32768,full,0.016163157150279092,0.12713440584782348,0.875,1.0,0.322531823020173,0.3843070938849521
7,0,702,tail_fixed,32768,tail_fixed,0.003218555142566487,0.05673231127467386,1.0,1.0,0.3250696138957909,0.38481541123812285
8,0,702,tail_anchored,32768,tail_anchored,0.023733640367260517,0.15405726327330535,0.75,0.875,0.3370751831436557,0.40243773897128604
9,0,703,full,32768,full,0.018938269023186412,0.13761638355656064,0.75,0.875,0.34772529746693875,0.4138398978293172
10,0,703,tail_fixed,32768,tail_fixed,0.04294794862505748,0.20723886851905335,0.5,0.625,0.29952295523280126,0.3609317541948937
11,0,703,tail_anchored,32768,tail_anchored,0.020106270757300298,0.14179658231882847,0.75,1.0,0.33983600483626286,0.4044755690924252
12,0,704,full,32768,full,0.005213995608747199,0.07220800238718143,1.0,1.0,0.33701426767017106,0.4005546947178791
13,0,704,tail_fixed,32768,tail_fixed,0.02430477828880017,0.15589989829631118,0.75,0.75,0.29358528741681067,0.34785537282717116
14,0,704,tail_anchored,32768,tail_anchored,0.005042751973187626,0.07101233676754783,1.0,1.0,0.33631272341069496,0.40094549850242145
15,0,705,full,32768,full,0.00920777217738976,0.09595713718838093,0.875,1.0,0.33020020135109174,0.3935040621502394
16,0,705,tail_fixed,32768,tail_fixed,0.020724566070161647,0.14396029338036806,0.625,0.625,0.28222256298349424,0.3357610637391226
17,0,705,tail_anchored,32768,tail_anchored,0.008721479219471147,0.09338886025362525,1.0,1.0,0.3345354667291374,0.39825483971515574
18,0,706,full,32768,full,0.007584342340907423,0.08708812973596013,0.875,1.0,0.32603953257860835,0.3850656085356825
19,0,706,tail_fixed,32768,tail_fixed,0.015591781452419299,0.12486705511230455,0.75,0.875,0.2945377332661604,0.3513488499288253
20,0,706,tail_anchored,32768,tail_anchored,0.005936560507747726,0.07704907856520886,1.0,1.0,0.31979162349485935,0.3802912209178816
21,0,707,full,32768,full,0.00689169401275301,0.08301622740617047,1.0,1.0,0.33471120146076205,0.3973511672360398
22,0,707,tail_fixed,32768,tail_fixed,0.029341619088053862,0.17129395519998322,0.375,0.625,0.23321699981170363,0.2792279400974932
23,0,707,tail_anchored,32768,tail_anchored,0.004555868608308216,0.06749717481723376,1.0,1.0,0.3303833375017587,0.3943574702923026
24,0,708,full,32768,full,0.010931843821386338,0.10455545811379881,0.875,1.0,0.3181405906855149,0.37911835820695194
25,0,708,tail_fixed,32768,tail_fixed,0.018140495254380926,0.13468665581408176,0.75,0.875,0.30427795590326334,0.36042078222565394
26,0,708,tail_anchored,32768,tail_anchored,0.010612885267303886,0.1030188587944163,0.875,1.0,0.3255483253367266,0.3872822440403392
27,0,709,full,32768,full,0.015500562671416106,0.12450125570216594,0.75,0.875,0.3340595600682703,0.3971015046836539
28,0,709,tail_fixed,32768,tail_fixed,0.023547558098125095,0.15345213617973877,0.75,0.75,0.32542031245528996,0.39027444779866144
29,0,709,tail_anchored,32768,tail_anchored,0.016790049779670302,0.12957642447478748,0.75,0.75,0.352416487707815,0.41779341884140553
30,1,700,full,32768,full,0.009233138445044016,0.09608922127400146,1.0,1.0,0.3350930533700944,0.3994451092429762
31,1,700,tail_fixed,32768,tail_fixed,0.0299321941319151,0.1730092313488361,0.75,0.75,0.26445938928286705,0.31490005497203155
32,1,700,tail_anchored,32768,tail_anchored,0.010148143388847963,0.10073799377021543,0.875,1.0,0.3447959063717273,0.40864330035286317
33,1,701,full,32768,full,0.018778733164457835,0.1370355178939308,0.75,0.875,0.33148450603351826,0.39527699042839615
34,1,701,tail_fixed,32768,tail_fixed,0.0739376033142714,0.27191469859915884,0.5,0.5,0.24268628882582624,0.28914339048908055
35,1,701,tail_anchored,32768,tail_anchored,0.01856184478869701,0.13624186136682445,0.75,0.75,0.33251947266613524,0.3951752898257583
36,1,702,full,32768,full,0.011573024369960867,0.107577992033505,1.0,1.0,0.3327812400063598,0.39569501686164316
37,1,702,tail_fixed,32768,tail_fixed,0.00546567730048066,0.07393021912912649,1.0,1.0,0.31277484969223757,0.37254601425011985
38,1,702,tail_anchored,32768,tail_anchored,0.00933245521194094,0.09660463349105436,1.0,1.0,0.33125508723970254,0.3939399962055697
39,1,703,full,32768,full,0.020444972029562514,0.14298591549366851,0.875,0.875,0.3441649305010037,0.4082277623259363
40,1,703,tail_fixed,32768,tail_fixed,0.023454616241217387,0.1531490001313015,0.5,0.875,0.32079604273142215,0.37979892638819157
41,1,703,tail_anchored,32768,tail_anchored,0.021999775462708676,0.1483232128249273,0.5,0.75,0.3287308116274652,0.389601666166842
42,1,704,full,32768,full,0.00490671630525011,0.0700479571811349,1.0,1.0,0.3420048161944053,0.40690805728910906
43,1,704,tail_fixed,32768,tail_fixed,0.024071624826779048,0.15515032976690396,0.625,0.75,0.2973913104828827,0.35414540021168206
44,1,704,tail_anchored,32768,tail_anchored,0.004239807991263962,0.06511380799234492,1.0,1.0,0.35334219955495894,0.41882464985617746
45,1,705,full,32768,full,0.009526867885852039,0.09760567547971807,1.0,1.0,0.3277420133920963,0.3882725352592067
46,1,705,tail_fixed,32768,tail_fixed,0.021493490138829126,0.14660658286321637,0.75,0.75,0.29595666859887837,0.3505264519697887
47,1,705,tail_anchored,32768,tail_anchored,0.010612311926569317,0.10301607605888179,1.0,1.0,0.32191835930205465,0.38352067660426925
48,1,706,full,32768,full,0.0064791966135161584,0.08049345696089936,1.0,1.0,0.3258620620147036,0.3855579187906707
49,1,706,tail_fixed,32768,tail_fixed,0.01847472077560297,0.13592174504325263,0.5,0.75,0.273926077032419,0.32787797193848556
50,1,706,tail_anchored,32768,tail_anchored,0.009875974281233442,0.09937793659174778,0.875,1.0,0.3248104644562958,0.38611664834918874
51,1,707,full,32768,full,0.0037629244790355378,0.06134268072912642,1.0,1.0,0.3439200105985185,0.4084488447476796
52,1,707,tail_fixed,32768,tail_fixed,0.02755115956437381,0.16598541973430622,0.375,0.625,0.26212253750847914,0.3112190914836094
53,1,707,tail_anchored,32768,tail_anchored,0.0048416574030643224,0.06958201925112782,1.0,1.0,0.3345087513560626,0.3976831588799793
54,1,708,full,32768,full,0.009211379836615241,0.09597593363242288,1.0,1.0,0.32749267057836945,0.39051764349877194
55,1,708,tail_fixed,32768,tail_fixed,0.012986794109318266,0.11395961613360352,0.875,0.875,0.3062994253229992,0.364926409945027
56,1,708,tail_anchored,32768,tail_anchored,0.009832392468388799,0.09915842106643691,0.875,1.0,0.3287548115157412,0.38947118407980374
57,1,709,full,32768,full,0.014965948750749638,0.12233539451340171,0.75,0.875,0.3446310129671973,0.40819646681116734
58,1,709,tail_fixed,32768,tail_fixed,0.02795268902755655,0.1671905769699852,0.625,0.75,0.3199690119302375,0.38152459988487164
59,1,709,tail_anchored,32768,tail_anchored,0.014375998025017576,0.11989995006261502,0.75,0.875,0.339205436283946,0.40473341427905646
60,2,700,full,32768,full,0.010417385024095047,0.10206559177359943,0.875,1.0,0.33263969670615545,0.3961244759508955
61,2,700,tail_fixed,32768,tail_fixed,0.029699005023479393,0.17233399265228957,0.625,0.625,0.2586704726509462,0.30809530186405354
62,2,700,tail_anchored,32768,tail_anchored,0.009926350693300773,0.09963107293059115,0.875,1.0,0.32714122973092047,0.3899667880769241
63,2,701,full,32768,full,0.013936375599680192,0.11805242733497771,0.75,1.0,0.34028559572967954,0.4052154441003295
64,2,701,tail_fixed,32768,tail_fixed,0.06634967204262031,0.2575843008465778,0.375,0.5,0.2659895249274673,0.31728419087108184
65,2,701,tail_anchored,32768,tail_anchored,0.017603096797277208,0.1326766625947352,0.75,0.75,0.32050577215617204,0.38220783834146144
66,2,702,full,32768,full,0.012664858381433445,0.11253825296952785,1.0,1.0,0.33205842789723405,0.395508402251564
67,2,702,tail_fixed,32768,tail_fixed,0.009106439633569895,0.09542766702361478,0.875,1.0,0.31612094553617853,0.37472611165382713
68,2,702,tail_anchored,32768,tail_anchored,0.010411636697611233,0.10203742792530215,1.0,1.0,0.3274131710930427,0.3890833381476375
69,2,703,full,32768,full,0.020454540056456885,0.14301936951496075,0.75,0.875,0.3375140572248406,0.40118689767620064
70,2,703,tail_fixed,32768,tail_fixed,0.02955651596971686,0.17192008599845704,0.5,0.5,0.30010225889705167,0.35686132680889593
71,2,703,tail_anchored,32768,tail_anchored,0.020867316590239507,0.1444552407849556,0.75,0.875,0.3410231072202559,0.405949634328501
72,2,704,full,32768,full,0.0052178683271816625,0.07223481381703467,1.0,1.0,0.3406929519868657,0.4050023767783095
73,2,704,tail_fixed,32768,tail_fixed,0.024808834300568072,0.15750820391512332,0.75,0.75,0.2863863859684839,0.3410927891874366
74,2,704,tail_anchored,32768,tail_anchored,0.005195392716222972,0.07207907266483783,1.0,1.0,0.3335835682947047,0.396881877707881
75,2,705,full,32768,full,0.01076670921436976,0.10376275446599209,0.75,1.0,0.3358797726835242,0.3992062610389092
76,2,705,tail_fixed,32768,tail_fixed,0.020429214859293533,0.14293080444499545,0.75,0.75,0.2856279401016463,0.3399777238491759
77,2,705,tail_anchored,32768,tail_anchored,0.011359652454273351,0.10658167034848605,0.875,1.0,0.3298773267542382,0.3923629023662778
78,2,706,full,32768,full,0.0066788052409216085,0.08172395757011287,0.875,1.0,0.3214265539891096,0.38062746753646
79,2,706,tail_fixed,32768,tail_fixed,0.01584652253290313,0.12588297157639364,0.75,0.875,0.30077432084778816,0.3568632780268545
80,2,706,tail_anchored,32768,tail_anchored,0.006003860483916266,0.07748458223360481,0.875,1.0,0.319933910319688,0.38221778616071067
81,2,707,full,32768,full,0.0052055577674271596,0.07214955140142702,1.0,1.0,0.3305275288303273,0.39394427284251454
82,2,707,tail_fixed,32768,tail_fixed,0.021939726252814998,0.1481206476248838,0.5,0.5,0.26902510229292687,0.31707633665872925
83,2,707,tail_anchored,32768,tail_anchored,0.005762443127007247,0.07591075765006727,1.0,1.0,0.327715858093246,0.3915776244998299
84,2,708,full,32768,full,0.011196488661575235,0.10581346162740937,0.75,1.0,0.320825778799706,0.38232928511842235
85,2,708,tail_fixed,32768,tail_fixed,0.012442898560369956,0.11154774117107866,0.875,0.875,0.30118083182673705,0.3567452848739525
86,2,708,tail_anchored,32768,tail_anchored,0.010116969065536136,0.10058314503700973,0.875,1.0,0.32647807707526455,0.3893560194436184
87,2,709,full,32768,full,0.012410628392997336,0.11140299992817669,0.875,0.875,0.32983691668990256,0.3925531901464929
88,2,709,tail_fixed,32768,tail_fixed,0.030141439434455942,0.1736129011175608,0.625,0.625,0.32242282972816433,0.38351268219083945
89,2,709,tail_anchored,32768,tail_anchored,0.014560962138109007,0.12066881178709354,0.75,0.875,0.32946731914536836,0.39220427844590355
90,3,700,full,32768,full,0.01045619990477694,0.10225556173028898,0.875,0.875,0.3390386417540157,0.40497148176705233
91,3,700,tail_fixed,32768,tail_fixed,0.03222893512862418,0.1795241909287553,0.625,0.625,0.2806726542607933,0.3313326076867298
92,3,700,tail_anchored,32768,tail_anchored,0.010161079762592054,0.10080218133846139,0.875,1.0,0.33424574393163897,0.3978710433310924
93,3,701,full,32768,full,0.017230179361478068,0.13126377779676338,0.75,0.75,0.3280968588619108,0.3898112872758534
94,3,701,tail_fixed,32768,tail_fixed,0.06794165763230181,0.26065620581966165,0.5,0.5,0.2511306138652579,0.2988876916058043
95,3,701,tail_anchored,32768,tail_anchored,0.01816190482255209,0.13476611155090915,0.75,0.875,0.32921154225723104,0.39120935499687126
96,3,702,full,32768,full,0.011813261990026564,0.10868883102704971,1.0,1.0,0.3376544011861232,0.40170206952588705
97,3,702,tail_fixed,32768,tail_fixed,0.004373349813082602,0.06613130735954494,1.0,1.0,0.3098290288918052,0.36900029008583657
98,3,702,tail_anchored,32768,tail_anchored,0.015419370743799633,0.12417475888359773,0.875,1.0,0.33557795058935636,0.39852567050703147
99,3,703,full,32768,full,0.018549104010845717,0.13619509539937816,0.75,0.875,0.34333826462639216,0.40730815218724026
100,3,703,tail_fixed,32768,tail_fixed,0.028223481638032386,0.1679984572489652,0.5,0.5,0.3174718926689224,0.37669214135921936
101,3,703,tail_anchored,32768,tail_anchored,0.015194589454961879,0.12326633544874237,0.75,0.875,0.33189207797574155,0.3950616709384154
102,3,704,full,32768,full,0.004623657236939853,0.06799747963667369,1.0,1.0,0.3369600516394614,0.4001552699000578
103,3,704,tail_fixed,32768,tail_fixed,0.02761558546421425,0.1661793773734101,0.5,0.625,0.2812577535466344,0.3363058186610869
104,3,704,tail_anchored,32768,tail_anchored,0.003907361353976818,0.06250889019952936,1.0,1.0,0.3370014631673005,0.4005280639511457
105,3,705,full,32768,full,0.009985718662833367,0.09992856780137183,0.875,1.0,0.32824523149809903,0.39023895884297544
106,3,705,tail_fixed,32768,tail_fixed,0.027314708639198958,0.16527162079195254,0.625,0.75,0.2702519977277901,0.3231506625746089
107,3,705,tail_anchored,32768,tail_anchored,0.009462352176503236,0.09727462246908612,1.0,1.0,0.3273816465590392,0.3890012861474401
108,3,706,full,32768,full,0.006767460353164328,0.0822645753235518,0.875,1.0,0.3193592531730505,0.3793750253320385
109,3,706,tail_fixed,32768,tail_fixed,0.015392230916755723,0.12406542998255285,0.875,0.875,0.29095682746475104,0.34854040205610726
110,3,706,tail_anchored,32768,tail_anchored,0.005754499486488278,0.07585841737400194,1.0,1.0,0.3292159793503792,0.39203182084712795
111,3,707,full,32768,full,0.005862698350387118,0.07656825941855488,1.0,1.0,0.33546118287073756,0.4003752477779992
112,3,707,tail_fixed,32768,tail_fixed,0.03316154062527564,0.18210310438121488,0.5,0.625,0.2662916269938539,0.3160662681601545
113,3,707,tail_anchored,32768,tail_anchored,0.004679855243932424,0.0684094675021844,1.0,1.0,0.33667284945195197,0.39907426935180224
114,3,708,full,32768,full,0.01106016358149189,0.10516731232418128,0.875,1.0,0.3296400697914644,0.3920423825806677
115,3,708,tail_fixed,32768,tail_fixed,0.012977643676059485,0.11391946135783598,0.75,1.0,0.3028527647607361,0.359463833793922
116,3,708,tail_anchored,32768,tail_anchored,0.012116973603216893,0.11007712570383046,0.75,1.0,0.32517315099976596,0.3854473923043026
117,3,709,full,32768,full,0.015376567294378078,0.12400228745623235,0.75,0.75,0.33218798356735746,0.39542380025893487
118,3,709,tail_fixed,32768,tail_fixed,0.024990960928756606,0.1580852963711572,0.75,0.75,0.33277499016454437,0.39649004195587345
119,3,709,tail_anchored,32768,tail_anchored,0.015142799750746106,0.12305608376161703,0.75,0.875,0.33846217757801156,0.40187217114166973
120,4,700,full,32768,full,0.011088607992276489,0.10530245957372737,0.875,1.0,0.3441898809120094,0.4106982517994716
121,4,700,tail_fixed,32768,tail_fixed,0.03468063049880179,0.18622736237943605,0.75,0.75,0.2600209509660467,0.3106530079471233
122,4,700,tail_anchored,32768,tail_anchored,0.010294256873718332,0.10146061735332745,0.875,1.0,0.32980600286623,0.3918471163985473
123,4,701,full,32768,full,0.021730847752783108,0.14741386553775432,0.75,0.75,0.32414646701597105,0.3854227814325258
124,4,701,tail_fixed,32768,tail_fixed,0.06809126907563884,0.2609430379903607,0.625,0.625,0.2741039062086289,0.32634545908626345
125,4,701,tail_anchored,32768,tail_anchored,0.02087825222392003,0.14449308711464376,0.75,0.75,0.33637765864417757,0.3975095366836656
126,4,702,full,32768,full,0.01050442871937959,0.10249111531922946,1.0,1.0,0.347236608838309,0.4101639822476324
127,4,702,tail_fixed,32768,tail_fixed,0.0032377259212158726,0.05690101863074046,1.0,1.0,0.31825767054669996,0.37758198854573155
128,4,702,tail_anchored,32768,tail_anchored,0.013138351822632888,0.11462264969295069,0.875,1.0,0.334016389624831,0.3969093606755596
129,4,703,full,32768,full,0.016087517920583525,0.12683657958405975,0.875,0.875,0.3367775494341537,0.3986831924506338
130,4,703,tail_fixed,32768,tail_fixed,0.03277851225646512,0.18104836993595144,0.375,0.5,0.3073364848782301,0.3658042206960035
131,4,703,tail_anchored,32768,tail_anchored,0.020883134681592443,0.1445099812524811,0.75,0.875,0.3450669105842196,0.41176721689910867
132,4,704,full,32768,full,0.00493511459311897,0.0702503707685516,1.0,1.0,0.3399173161083445,0.40310108166318337
133,4,704,tail_fixed,32768,tail_fixed,0.024874562076637654,0.15771671463937376,0.75,0.75,0.31332337595301435,0.3690449017727877
134,4,704,tail_anchored,32768,tail_anchored,0.00522932793361252,0.07231409222006814,1.0,1.0,0.34108724815846636,0.40653501835191497
135,4,705,full,32768,full,0.010439700434635456,0.10217485226138306,0.875,1.0,0.3294230639964917,0.39282578008139957
136,4,705,tail_fixed,32768,tail_fixed,0.020250785267223216,0.14230525382860332,0.75,0.875,0.28596452778643505,0.3399539280337703
137,4,705,tail_anchored,32768,tail_anchored,0.00917022659761598,0.09576130010403984,1.0,1.0,0.3309090555773642,0.3935166092956909
138,4,706,full,32768,full,0.007924852417058507,0.08902164016158379,0.875,1.0,0.3237524020032311,0.3846495710102001
139,4,706,tail_fixed,32768,tail_fixed,0.020836269887704286,0.14434773946170507,0.625,0.875,0.3037016684937405,0.3588911032418919
140,4,706,tail_anchored,32768,tail_anchored,0.006938603010583766,0.08329827735664025,1.0,1.0,0.31959387152447927,0.380144653507675
141,4,707,full,32768,full,0.0041786640843614695,0.06464258723443446,1.0,1.0,0.328578799379302,0.39099697702484104
142,4,707,tail_fixed,32768,tail_fixed,0.028458019508236565,0.16869504885513553,0.5,0.5,0.2718160407911698,0.3239682362636196
143,4,707,tail_anchored,32768,tail_anchored,0.005096225589329489,0.07138785323379243,1.0,1.0,0.33941009677681994,0.4033055295453095
144,4,708,full,32768,full,0.008740391981168811,0.09349006354243648,0.875,1.0,0.32652227362010644,0.3889518954586083
145,4,708,tail_fixed,32768,tail_fixed,0.01577324230319916,0.12559156939539834,0.625,0.875,0.2981032528857468,0.3558754798157438
146,4,708,tail_anchored,32768,tail_anchored,0.010038453077736605,0.10019208091329676,0.875,1.0,0.3206350487473638,0.3822645036504665
147,4,709,full,32768,full,0.01576532419688314,0.12556004219847625,0.75,0.875,0.34069015517969226,0.4036606014502958
148,4,709,tail_fixed,32768,tail_fixed,0.026320444982185907,0.16223576973708945,0.75,0.75,0.3154312923661781,0.37452171900965736
149,4,709,tail_anchored,32768,tail_anchored,0.01633981237939888,0.12782727556902274,0.75,0.75,0.3391632370114209,0.4029316109362213
-1,0,700,reference,0,learned_reference,0.009461429460180876,0.09726987951149563,0.875,1.0,0.36732084373626744,0.43768424874253425
-1,0,700,reference,0,true_reference,0.00970108460683744,0.09849408412101429,0.875,1.0,0.3669955779100237,0.4373024706014377
-1,0,701,reference,0,learned_reference,0.015824924393306572,0.12579715574410485,0.875,0.875,0.36070599449738955,0.4299296977895532
-1,0,701,reference,0,true_reference,0.01497956910560829,0.1223910499407873,0.875,1.0,0.36032791386995966,0.42947836176334064
-1,0,702,reference,0,learned_reference,0.015125806998327693,0.1229870196334869,1.0,1.0,0.36554351594306256,0.43559049597950394
-1,0,702,reference,0,true_reference,0.013701092202711271,0.11705166467296085,1.0,1.0,0.36593333785271426,0.4360476968892232
-1,0,703,reference,0,learned_reference,0.01754828225119702,0.13246992961120277,0.875,1.0,0.37072746472151785,0.44172044999360327
-1,0,703,reference,0,true_reference,0.017630992312851257,0.13278174691143077,0.875,1.0,0.37051867663682625,0.4414641049806036
-1,0,704,reference,0,learned_reference,0.004352000172166666,0.06596969131477474,1.0,1.0,0.37240946820263426,0.44366066200874227
-1,0,704,reference,0,true_reference,0.004207599088082213,0.06486600872631376,1.0,1.0,0.37112173601978643,0.4421509438338915
-1,0,705,reference,0,learned_reference,0.010423137795659633,0.10209376962214507,1.0,1.0,0.3615853901842598,0.430951720598903
-1,0,705,reference,0,true_reference,0.009934491714063886,0.0996719203891642,1.0,1.0,0.36126357044106866,0.43057654788088806
-1,0,706,reference,0,learned_reference,0.005251728252245989,0.0724688088231481,1.0,1.0,0.3524872131160605,0.420090398544105
-1,0,706,reference,0,true_reference,0.005460177869919136,0.07389301638124632,1.0,1.0,0.35202275878523537,0.41954810866796094
-1,0,707,reference,0,learned_reference,0.004934962057493792,0.07024928510307982,1.0,1.0,0.36185169958052554,0.4311190984261782
-1,0,707,reference,0,true_reference,0.004940704270692206,0.07029014348180125,1.0,1.0,0.36203340419707286,0.4313385177476315
-1,0,708,reference,0,learned_reference,0.010638163682813694,0.10314147411596217,1.0,1.0,0.35570529066813783,0.4237788312772939
-1,0,708,reference,0,true_reference,0.010695984496259827,0.10342139283658786,1.0,1.0,0.35563655516451353,0.4237140723786723
-1,0,709,reference,0,learned_reference,0.014124702991004294,0.11884739370724245,0.75,1.0,0.36947690842308256,0.44016679665130265
-1,0,709,reference,0,true_reference,0.013936904292385413,0.11805466654218041,0.875,1.0,0.3691110014423328,0.43974369542556097
-1,1,700,reference,0,learned_reference,0.00989305547467353,0.09946384003583177,0.875,1.0,0.3688644769397349,0.4395063037880681
-1,1,700,reference,0,true_reference,0.00970108460683744,0.09849408412101429,0.875,1.0,0.3669955779100237,0.4373024706014377
-1,1,701,reference,0,learned_reference,0.01576618681750746,0.12556347724361355,0.875,1.0,0.36214312901022777,0.4316269084037504
-1,1,701,reference,0,true_reference,0.01497956910560829,0.1223910499407873,0.875,1.0,0.36032791386995966,0.42947836176334064
-1,1,702,reference,0,learned_reference,0.013791765594972812,0.11743834805962153,1.0,1.0,0.36635368295503956,0.4365630391513421
-1,1,702,reference,0,true_reference,0.013701092202711271,0.11705166467296085,1.0,1.0,0.36593333785271426,0.4360476968892232
-1,1,703,reference,0,learned_reference,0.018625229374128693,0.1364742809987607,0.875,1.0,0.3720567548169349,0.4432900204103521
-1,1,703,reference,0,true_reference,0.017630992312851257,0.13278174691143077,0.875,1.0,0.37051867663682625,0.4414641049806036
-1,1,704,reference,0,learned_reference,0.004528449720600475,0.06729375692142975,1.0,1.0,0.37331989587595116,0.4447486330112216
-1,1,704,reference,0,true_reference,0.004207599088082213,0.06486600872631376,1.0,1.0,0.37112173601978643,0.4421509438338915
-1,1,705,reference,0,learned_reference,0.010074154708041301,0.10037008871193301,1.0,1.0,0.3631660729514531,0.4328374975331801
-1,1,705,reference,0,true_reference,0.009934491714063886,0.0996719203891642,1.0,1.0,0.36126357044106866,0.43057654788088806
-1,1,706,reference,0,learned_reference,0.00584276631589664,0.07643799000429459,1.0,1.0,0.3540397486017227,0.4219424467708658
-1,1,706,reference,0,true_reference,0.005460177869919136,0.07389301638124632,1.0,1.0,0.35202275878523537,0.41954810866796094
-1,1,707,reference,0,learned_reference,0.004704400915166591,0.06858863546657414,1.0,1.0,0.3629260989080082,0.4323945157742927
-1,1,707,reference,0,true_reference,0.004940704270692206,0.07029014348180125,1.0,1.0,0.36203340419707286,0.4313385177476315
-1,1,708,reference,0,learned_reference,0.010346407115402502,0.10171729014972086,1.0,1.0,0.35717713705093423,0.4255386906378995
-1,1,708,reference,0,true_reference,0.010695984496259827,0.10342139283658786,1.0,1.0,0.35563655516451353,0.4237140723786723
-1,1,709,reference,0,learned_reference,0.01411727870418241,0.11881615506395757,0.875,1.0,0.3705759144644907,0.4414745764625083
-1,1,709,reference,0,true_reference,0.013936904292385413,0.11805466654218041,0.875,1.0,0.3691110014423328,0.43974369542556097
-1,2,700,reference,0,learned_reference,0.010247392159495971,0.10122940363103979,0.875,1.0,0.36459595428233027,0.4344306157151517
-1,2,700,reference,0,true_reference,0.00970108460683744,0.09849408412101429,0.875,1.0,0.3669955779100237,0.4373024706014377
-1,2,701,reference,0,learned_reference,0.014983549664496894,0.1224073105026693,0.875,1.0,0.3577365617931334,0.4263833374168194
-1,2,701,reference,0,true_reference,0.01497956910560829,0.1223910499407873,0.875,1.0,0.36032791386995966,0.42947836176334064
-1,2,702,reference,0,learned_reference,0.014182307590842992,0.11908949404058694,1.0,1.0,0.3629602147147951,0.43250937572587456
-1,2,702,reference,0,true_reference,0.013701092202711271,0.11705166467296085,1.0,1.0,0.36593333785271426,0.4360476968892232
-1,2,703,reference,0,learned_reference,0.018571870202243636,0.13627864910632054,0.875,1.0,0.3681859915499943,0.43867487622539986
-1,2,703,reference,0,true_reference,0.017630992312851257,0.13278174691143077,0.875,1.0,0.37051867663682625,0.4414641049806036
-1,2,704,reference,0,learned_reference,0.004559378607185053,0.06752317089107304,1.0,1.0,0.3695822276558873,0.4402876346826877
-1,2,704,reference,0,true_reference,0.004207599088082213,0.06486600872631376,1.0,1.0,0.37112173601978643,0.4421509438338915
-1,2,705,reference,0,learned_reference,0.010064186394507409,0.10032041863203826,1.0,1.0,0.35904925603038595,0.4279269700500495
-1,2,705,reference,0,true_reference,0.009934491714063886,0.0996719203891642,1.0,1.0,0.36126357044106866,0.43057654788088806
-1,2,706,reference,0,learned_reference,0.005821278416226551,0.07629730281095493,1.0,1.0,0.3502410440519027,0.41741359425365976
-1,2,706,reference,0,true_reference,0.005460177869919136,0.07389301638124632,1.0,1.0,0.35202275878523537,0.41954810866796094
-1,2,707,reference,0,learned_reference,0.0049434547583603,0.07030970600393874,1.0,1.0,0.35910587207861344,0.4278310683752685
-1,2,707,reference,0,true_reference,0.004940704270692206,0.07029014348180125,1.0,1.0,0.36203340419707286,0.4313385177476315
-1,2,708,reference,0,learned_reference,0.010493215152600224,0.10243639564432275,1.0,1.0,0.35334191448870855,0.42096813487998247
-1,2,708,reference,0,true_reference,0.010695984496259827,0.10342139283658786,1.0,1.0,0.35563655516451353,0.4237140723786723
-1,2,709,reference,0,learned_reference,0.013755696342670034,0.11728468076722566,0.875,1.0,0.3666536935174742,0.43680177898981026
-1,2,709,reference,0,true_reference,0.013936904292385413,0.11805466654218041,0.875,1.0,0.3691110014423328,0.43974369542556097
-1,3,700,reference,0,learned_reference,0.009456134242815172,0.0972426564981396,0.875,1.0,0.3678150429007779,0.43826453703003787
-1,3,700,reference,0,true_reference,0.00970108460683744,0.09849408412101429,0.875,1.0,0.3669955779100237,0.4373024706014377
-1,3,701,reference,0,learned_reference,0.015166527190634082,0.1231524550735148,0.875,1.0,0.3611587347651729,0.43044660314192756
-1,3,701,reference,0,true_reference,0.01497956910560829,0.1223910499407873,0.875,1.0,0.36032791386995966,0.42947836176334064
-1,3,702,reference,0,learned_reference,0.015037784139182095,0.12262864322490931,1.0,1.0,0.3664489987399354,0.43665926363095253
-1,3,702,reference,0,true_reference,0.013701092202711271,0.11705166467296085,1.0,1.0,0.36593333785271426,0.4360476968892232
-1,3,703,reference,0,learned_reference,0.017786694166283264,0.1333667655987925,0.875,1.0,0.37179809173470246,0.4429839508590324
-1,3,703,reference,0,true_reference,0.017630992312851257,0.13278174691143077,0.875,1.0,0.37051867663682625,0.4414641049806036
-1,3,704,reference,0,learned_reference,0.004143951012905839,0.0643735272678594,1.0,1.0,0.37246539578517623,0.44372418746264697
-1,3,704,reference,0,true_reference,0.004207599088082213,0.06486600872631376,1.0,1.0,0.37112173601978643,0.4421509438338915
-1,3,705,reference,0,learned_reference,0.010162184896580571,0.10080766288621403,1.0,1.0,0.3616633498108285,0.4310424738299631
-1,3,705,reference,0,true_reference,0.009934491714063886,0.0996719203891642,1.0,1.0,0.36126357044106866,0.43057654788088806
-1,3,706,reference,0,learned_reference,0.005126018124240999,0.07159621585140516,1.0,1.0,0.35279946537407686,0.42046430780365635
-1,3,706,reference,0,true_reference,0.005460177869919136,0.07389301638124632,1.0,1.0,0.35202275878523537,0.41954810866796094
-1,3,707,reference,0,learned_reference,0.005196950641145854,0.07208987890921897,1.0,1.0,0.3626043238391499,0.4320131782129756
-1,3,707,reference,0,true_reference,0.004940704270692206,0.07029014348180125,1.0,1.0,0.36203340419707286,0.4313385177476315
-1,3,708,reference,0,learned_reference,0.010931084299250994,0.10455182590108598,1.0,1.0,0.35632289300636966,0.42452341293217655
-1,3,708,reference,0,true_reference,0.010695984496259827,0.10342139283658786,1.0,1.0,0.35563655516451353,0.4237140723786723
-1,3,709,reference,0,learned_reference,0.014079288675993732,0.11865617841475315,0.75,1.0,0.36973685966739994,0.4404696946759124
-1,3,709,reference,0,true_reference,0.013936904292385413,0.11805466654218041,0.875,1.0,0.3691110014423328,0.43974369542556097
-1,4,700,reference,0,learned_reference,0.009778070332410007,0.09888412578573978,0.875,1.0,0.36696026304256635,0.4372509085802547
-1,4,700,reference,0,true_reference,0.00970108460683744,0.09849408412101429,0.875,1.0,0.3669955779100237,0.4373024706014377
-1,4,701,reference,0,learned_reference,0.017596348598983687,0.13265122916499375,0.75,0.875,0.36029697220002593,0.429428634347845
-1,4,701,reference,0,true_reference,0.01497956910560829,0.1223910499407873,0.875,1.0,0.36032791386995966,0.42947836176334064
-1,4,702,reference,0,learned_reference,0.012688560268001935,0.11264350965768927,1.0,1.0,0.36500856323431463,0.43494651930330586
-1,4,702,reference,0,true_reference,0.013701092202711271,0.11705166467296085,1.0,1.0,0.36593333785271426,0.4360476968892232
-1,4,703,reference,0,learned_reference,0.018302551062908207,0.13528692125593,0.875,1.0,0.37024147343575853,0.44112340482373513
-1,4,703,reference,0,true_reference,0.017630992312851257,0.13278174691143077,0.875,1.0,0.37051867663682625,0.4414641049806036
-1,4,704,reference,0,learned_reference,0.004796184251255493,0.06925448903324241,1.0,1.0,0.370983941162466,0.44197002563743215
-1,4,704,reference,0,true_reference,0.004207599088082213,0.06486600872631376,1.0,1.0,0.37112173601978643,0.4421509438338915
-1,4,705,reference,0,learned_reference,0.009945819565386682,0.09972872988956934,1.0,1.0,0.36091328696846914,0.4301501850036457
-1,4,705,reference,0,true_reference,0.009934491714063886,0.0996719203891642,1.0,1.0,0.36126357044106866,0.43057654788088806
-1,4,706,reference,0,learned_reference,0.006308306433312246,0.0794248477072021,1.0,1.0,0.35176881004686855,0.4192316172243642
-1,4,706,reference,0,true_reference,0.005460177869919136,0.07389301638124632,1.0,1.0,0.35202275878523537,0.41954810866796094
-1,4,707,reference,0,learned_reference,0.0046546666873600985,0.06822511771598565,1.0,1.0,0.36143270421039103,0.4306213285045168
-1,4,707,reference,0,true_reference,0.004940704270692206,0.07029014348180125,1.0,1.0,0.36203340419707286,0.4313385177476315
-1,4,708,reference,0,learned_reference,0.0103287149445868,0.10163028556777158,1.0,1.0,0.3552477978063185,0.423241946015432
-1,4,708,reference,0,true_reference,0.010695984496259827,0.10342139283658786,1.0,1.0,0.35563655516451353,0.4237140723786723
-1,4,709,reference,0,learned_reference,0.014270059080825185,0.11945735256075779,0.75,1.0,0.3681972697175468,0.4386483495875393
-1,4,709,reference,0,true_reference,0.013936904292385413,0.11805466654218041,0.875,1.0,0.3691110014423328,0.43974369542556097
